0.000000	35.241236	-29.654753	0.000000	
0.050000	35.249398	-29.680695	0.000000	
0.100000	35.257624	-29.706607	0.000000	
0.150000	35.265894	-29.732497	0.000000	
0.200000	35.274217	-29.758361	0.000000	
0.250000	35.282578	-29.784206	0.000000	
0.300000	35.290996	-29.810022	0.000000	
0.350000	35.299471	-29.835810	0.000000	
0.400000	35.307987	-29.861577	0.000000	
0.450000	35.316556	-29.887316	0.000000	
0.500000	35.325165	-29.913035	0.000000	
0.550000	35.341899	-29.955649	0.000000	
0.600000	35.358680	-29.998239	0.000000	
0.650000	35.375517	-30.040802	0.000000	
0.700000	35.392418	-30.083334	0.000000	
0.750000	35.409408	-30.125822	0.000000	
0.800000	35.426469	-30.168276	0.000000	
0.850000	35.443635	-30.210678	0.000000	
0.900000	35.460900	-30.253032	0.000000	
0.950000	35.478233	-30.295352	0.000000	
1.000000	35.495635	-30.337636	0.000000	
1.050000	35.513114	-30.379882	0.000000	
1.100000	35.530654	-30.422097	0.000000	
1.150000	35.548253	-30.464280	0.000000	
1.200000	35.565896	-30.506441	0.000000	
1.250000	35.583570	-30.548586	0.000000	
1.300000	35.601275	-30.590716	0.000000	
1.350000	35.618979	-30.632847	0.000000	
1.400000	35.636690	-30.674974	0.000000	
1.450000	35.654393	-30.717106	0.000000	
1.500000	35.672067	-30.759254	0.000000	
1.550000	35.689696	-30.801425	0.000000	
1.600000	35.707301	-30.843610	0.000000	
1.650000	35.724906	-30.885794	0.000000	
1.700000	35.742507	-30.927982	0.000000	
1.750000	35.760112	-30.970167	0.000000	
1.800000	35.777697	-31.012364	0.000000	
1.850000	35.795257	-31.054574	0.000000	
1.900000	35.812793	-31.096796	0.000000	
1.950000	35.830299	-31.139035	0.000000	
2.000000	35.847790	-31.181283	0.000000	
2.050000	35.865267	-31.223538	0.000000	
2.100000	35.882716	-31.265808	0.000000	
2.150000	35.900157	-31.308083	0.000000	
2.200000	35.917574	-31.350372	0.000000	
2.250000	35.934987	-31.392663	0.000000	
2.300000	35.952407	-31.434951	0.000000	
2.350000	35.969833	-31.477237	0.000000	
2.400000	35.987283	-31.519510	0.000000	
2.450000	36.004745	-31.561777	0.000000	
2.500000	36.022239	-31.604027	0.000000	
2.550000	36.039787	-31.646248	0.000000	
2.600000	36.057422	-31.688424	0.000000	
2.650000	36.075163	-31.730542	0.000000	
2.700000	36.093012	-31.772600	0.000000	
2.750000	36.110968	-31.814599	0.000000	
2.800000	36.129021	-31.856544	0.000000	
2.850000	36.147168	-31.898437	0.000000	
2.900000	36.165412	-31.940279	0.000000	
2.950000	36.183750	-31.982071	0.000000	
3.000000	36.202186	-32.023808	0.000000	
3.050000	36.220699	-32.065504	0.000000	
3.100000	36.239309	-32.107145	0.000000	
3.150000	36.257994	-32.148745	0.000000	
3.200000	36.276728	-32.190318	0.000000	
3.250000	36.295504	-32.231868	0.000000	
3.300000	36.314317	-32.273398	0.000000	
3.350000	36.333177	-32.314902	0.000000	
3.400000	36.352078	-32.356384	0.000000	
3.450000	36.371010	-32.397848	0.000000	
3.500000	36.389967	-32.439299	0.000000	
3.550000	36.408968	-32.480725	0.000000	
3.600000	36.428015	-32.522124	0.000000	
3.650000	36.447096	-32.563504	0.000000	
3.700000	36.466194	-32.604875	0.000000	
3.750000	36.485302	-32.646239	0.000000	
3.800000	36.504444	-32.687583	0.000000	
3.850000	36.523595	-32.728922	0.000000	
3.900000	36.542767	-32.770248	0.000000	
3.950000	36.561984	-32.811549	0.000000	
4.000000	36.581220	-32.852837	0.000000	
4.050000	36.600463	-32.894122	0.000000	
4.100000	36.619742	-32.935386	0.000000	
4.150000	36.639060	-32.976625	0.000000	
4.200000	36.658450	-33.017820	0.000000	
4.250000	36.677920	-33.058967	0.000000	
4.300000	36.697484	-33.100056	0.000000	
4.350000	36.717127	-33.141099	0.000000	
4.400000	36.736849	-33.182093	0.000000	
4.450000	36.756680	-33.223019	0.000000	
4.500000	36.776637	-33.263866	0.000000	
4.550000	36.796737	-33.304624	0.000000	
4.600000	36.816959	-33.345304	0.000000	
4.650000	36.837293	-33.385912	0.000000	
4.700000	36.857720	-33.426460	0.000000	
4.750000	36.878222	-33.466960	0.000000	
4.800000	36.898774	-33.507429	0.000000	
4.850000	36.919351	-33.547883	0.000000	
4.900000	36.939948	-33.588324	0.000000	
4.950000	36.960584	-33.628742	0.000000	
5.000000	36.981231	-33.669152	0.000000	
5.050000	37.001900	-33.709550	0.000000	
5.100000	37.022580	-33.749941	0.000000	
5.150000	37.043269	-33.790326	0.000000	
5.200000	37.063946	-33.830719	0.000000	
5.250000	37.084604	-33.871125	0.000000	
5.300000	37.105246	-33.911540	0.000000	
5.350000	37.125870	-33.951967	0.000000	
5.400000	37.146482	-33.992401	0.000000	
5.450000	37.167074	-34.032848	0.000000	
5.500000	37.187638	-34.073313	0.000000	
5.550000	37.208170	-34.113800	0.000000	
5.600000	37.228638	-34.154329	0.000000	
5.650000	37.249049	-34.194895	0.000000	
5.700000	37.269381	-34.235515	0.000000	
5.750000	37.289643	-34.276179	0.000000	
5.800000	37.309856	-34.316876	0.000000	
5.850000	37.330039	-34.357592	0.000000	
5.900000	37.350198	-34.398323	0.000000	
5.950000	37.370348	-34.439059	0.000000	
6.000000	37.390472	-34.479811	0.000000	
6.050000	37.410575	-34.520577	0.000000	
6.100000	37.430638	-34.561365	0.000000	
6.150000	37.450672	-34.602171	0.000000	
6.200000	37.470672	-34.642998	0.000000	
6.250000	37.490630	-34.683849	0.000000	
6.300000	37.510526	-34.724738	0.000000	
6.350000	37.530347	-34.765671	0.000000	
6.400000	37.550116	-34.806637	0.000000	
6.450000	37.569836	-34.847631	0.000000	
6.500000	37.589488	-34.888666	0.000000	
6.550000	37.609079	-34.929738	0.000000	
6.600000	37.628611	-34.970846	0.000000	
6.650000	37.648096	-35.011984	0.000000	
6.700000	37.667539	-35.053147	0.000000	
6.750000	37.686960	-35.094324	0.000000	
6.800000	37.706356	-35.135516	0.000000	
6.850000	37.725712	-35.176732	0.000000	
6.900000	37.745036	-35.217967	0.000000	
6.950000	37.764321	-35.259227	0.000000	
7.000000	37.783580	-35.300502	0.000000	
7.050000	37.802801	-35.341799	0.000000	
7.100000	37.822013	-35.383103	0.000000	
7.150000	37.841230	-35.424404	0.000000	
7.200000	37.860471	-35.465690	0.000000	
7.250000	37.879725	-35.506968	0.000000	
7.300000	37.898980	-35.548246	0.000000	
7.350000	37.918252	-35.589514	0.000000	
7.400000	37.937549	-35.630768	0.000000	
7.450000	37.956836	-35.672028	0.000000	
7.500000	37.976106	-35.713297	0.000000	
7.550000	37.995532	-35.763574	0.000000	
7.600000	38.014905	-35.813882	0.000000	
7.650000	38.034227	-35.864218	0.000000	
7.700000	38.053526	-35.914567	0.000000	
7.750000	38.072796	-35.964934	0.000000	
7.800000	38.092046	-36.015312	0.000000	
7.850000	38.111296	-36.065690	0.000000	
7.900000	38.130553	-36.116064	0.000000	
7.950000	38.149796	-36.166446	0.000000	
8.000000	38.169058	-36.216817	0.000000	
8.050000	38.188318	-36.267190	0.000000	
8.100000	38.207572	-36.317566	0.000000	
8.150000	38.226812	-36.367950	0.000000	
8.200000	38.246061	-36.418329	0.000000	
8.250000	38.265321	-36.468702	0.000000	
8.300000	38.284565	-36.519084	0.000000	
8.350000	38.303828	-36.569454	0.000000	
8.400000	38.323106	-36.619815	0.000000	
8.450000	38.342399	-36.670167	0.000000	
8.500000	38.361719	-36.720503	0.000000	
8.550000	38.381065	-36.770824	0.000000	
8.600000	38.400455	-36.821119	0.000000	
8.650000	38.419884	-36.871393	0.000000	
8.700000	38.439347	-36.921647	0.000000	
8.750000	38.458801	-36.971907	0.000000	
8.800000	38.478240	-37.022174	0.000000	
8.850000	38.497646	-37.072461	0.000000	
8.900000	38.516994	-37.122779	0.000000	
8.950000	38.536309	-37.173118	0.000000	
9.000000	38.555586	-37.223478	0.000000	
9.050000	38.574796	-37.273876	0.000000	
9.100000	38.593931	-37.324316	0.000000	
9.150000	38.613032	-37.374775	0.000000	
9.200000	38.632079	-37.425264	0.000000	
9.250000	38.651036	-37.475804	0.000000	
9.300000	38.669883	-37.526406	0.000000	
9.350000	38.688621	-37.577067	0.000000	
9.400000	38.707221	-37.627803	0.000000	
9.450000	38.725705	-37.678604	0.000000	
9.500000	38.744058	-37.729477	0.000000	
9.550000	38.762294	-37.780414	0.000000	
9.600000	38.780436	-37.831402	0.000000	
9.650000	38.798468	-37.882452	0.000000	
9.700000	38.816413	-37.933549	0.000000	
9.750000	38.834274	-37.984692	0.000000	
9.800000	38.852053	-38.035879	0.000000	
9.850000	38.869758	-38.087105	0.000000	
9.900000	38.887384	-38.138374	0.000000	
9.950000	38.904932	-38.189683	0.000000	
10.000000	38.922398	-38.241036	0.000000	
10.050000	38.939770	-38.292438	0.000000	
10.100000	38.957040	-38.343892	0.000000	
10.150000	38.974229	-38.395386	0.000000	
10.200000	38.991326	-38.446929	0.000000	
10.250000	39.008320	-38.498522	0.000000	
10.300000	39.025222	-38.550160	0.000000	
10.350000	39.042057	-38.601831	0.000000	
10.400000	39.058864	-38.653516	0.000000	
10.450000	39.075636	-38.705219	0.000000	
10.500000	39.092368	-38.756942	0.000000	
10.550000	39.109077	-38.808676	0.000000	
10.600000	39.125772	-38.860418	0.000000	
10.650000	39.142463	-38.912162	0.000000	
10.700000	39.159170	-38.963899	0.000000	
10.750000	39.175887	-39.015632	0.000000	
10.800000	39.192612	-39.067360	0.000000	
10.850000	39.209368	-39.119073	0.000000	
10.900000	39.226142	-39.170778	0.000000	
10.950000	39.242958	-39.222461	0.000000	
11.000000	39.259831	-39.274116	0.000000	
11.050000	39.276745	-39.325750	0.000000	
11.100000	39.293739	-39.377343	0.000000	
11.150000	39.310822	-39.428892	0.000000	
11.200000	39.328013	-39.480386	0.000000	
11.250000	39.345327	-39.531816	0.000000	
11.300000	39.362773	-39.583180	0.000000	
11.350000	39.380371	-39.634467	0.000000	
11.400000	39.398103	-39.685684	0.000000	
11.450000	39.415944	-39.736845	0.000000	
11.500000	39.433904	-39.787945	0.000000	
11.550000	39.451988	-39.838981	0.000000	
11.600000	39.470177	-39.889963	0.000000	
11.650000	39.488445	-39.940904	0.000000	
11.700000	39.506796	-39.991800	0.000000	
11.750000	39.525197	-40.042671	0.000000	
11.800000	39.543654	-40.093512	0.000000	
11.850000	39.562150	-40.144332	0.000000	
11.900000	39.580700	-40.195124	0.000000	
11.950000	39.599328	-40.245873	0.000000	
12.000000	39.618023	-40.296586	0.000000	
12.050000	39.636797	-40.347254	0.000000	
12.100000	39.655649	-40.397878	0.000000	
12.150000	39.674567	-40.448467	0.000000	
12.200000	39.693566	-40.499009	0.000000	
12.250000	39.712633	-40.549512	0.000000	
12.300000	39.731760	-40.599980	0.000000	
12.350000	39.750975	-40.650395	0.000000	
12.400000	39.770285	-40.700754	0.000000	
12.450000	39.789689	-40.751055	0.000000	
12.500000	39.809176	-40.801307	0.000000	
12.550000	39.828753	-40.851506	0.000000	
12.600000	39.848379	-40.901677	0.000000	
12.650000	39.868049	-40.951823	0.000000	
12.700000	39.887757	-41.001948	0.000000	
12.750000	39.907491	-41.052059	0.000000	
12.800000	39.927275	-41.102142	0.000000	
12.850000	39.947086	-41.152211	0.000000	
12.900000	39.966919	-41.202269	0.000000	
12.950000	39.986752	-41.252327	0.000000	
13.000000	40.006566	-41.302397	0.000000	
13.050000	40.026331	-41.352496	0.000000	
13.100000	40.046027	-41.402634	0.000000	
13.150000	40.065650	-41.452815	0.000000	
13.200000	40.085186	-41.503046	0.000000	
13.250000	40.104621	-41.553334	0.000000	
13.300000	40.123936	-41.603691	0.000000	
13.350000	40.143126	-41.654120	0.000000	
13.400000	40.162169	-41.704633	0.000000	
13.450000	40.181058	-41.755238	0.000000	
13.500000	40.199776	-41.805942	0.000000	
13.550000	40.218334	-41.856739	0.000000	
13.600000	40.236726	-41.907630	0.000000	
13.650000	40.254954	-41.958610	0.000000	
13.700000	40.273043	-42.009666	0.000000	
13.750000	40.291014	-42.060786	0.000000	
13.800000	40.308867	-42.111971	0.000000	
13.850000	40.326604	-42.163219	0.000000	
13.900000	40.344228	-42.214528	0.000000	
13.950000	40.361741	-42.265895	0.000000	
14.000000	40.379139	-42.317323	0.000000	
14.050000	40.396428	-42.368809	0.000000	
14.100000	40.413644	-42.420333	0.000000	
14.150000	40.430798	-42.471888	0.000000	
14.200000	40.447881	-42.523481	0.000000	
14.250000	40.464909	-42.575101	0.000000	
14.300000	40.481897	-42.626743	0.000000	
14.350000	40.498840	-42.678407	0.000000	
14.400000	40.515703	-42.730111	0.000000	
14.450000	40.532504	-42.781845	0.000000	
14.500000	40.549255	-42.833605	0.000000	
14.550000	40.565916	-42.885409	0.000000	
14.600000	40.582340	-42.937311	0.000000	
14.650000	40.598335	-42.989362	0.000000	
14.700000	40.613637	-43.041585	0.000000	
14.750000	40.627939	-43.093971	0.000000	
14.800000	40.640877	-43.146441	0.000000	
14.850000	40.652143	-43.198862	0.000000	
14.900000	40.661442	-43.251033	0.000000	
14.950000	40.668560	-43.302706	0.000000	
15.000000	40.673332	-43.353607	0.000000	
15.050000	40.675662	-43.403495	0.000000	
15.100000	40.675474	-43.452105	0.000000	
15.150000	40.672724	-43.499230	0.000000	
15.200000	40.667408	-43.544698	0.000000	
15.250000	40.659553	-43.588353	0.000000	
15.300000	40.649168	-43.630085	0.000000	
15.350000	40.636263	-43.669810	0.000000	
15.400000	40.620873	-43.707443	0.000000	
15.450000	40.603047	-43.742899	0.000000	
15.500000	40.582788	-43.776142	0.000000	
15.550000	40.560094	-43.807134	0.000000	
15.600000	40.535022	-43.835833	0.000000	
15.650000	40.507720	-43.862192	0.000000	
15.700000	40.478388	-43.886170	0.000000	
15.750000	40.447301	-43.907758	0.000000	
15.800000	40.414762	-43.926967	0.000000	
15.850000	40.381132	-43.943867	0.000000	
15.900000	40.346704	-43.958609	0.000000	
15.950000	40.311770	-43.971394	0.000000	
16.000000	40.276555	-43.982471	0.000000	
16.050000	40.241243	-43.992087	0.000000	
16.100000	40.205933	-44.000497	0.000000	
16.150000	40.170694	-44.007972	0.000000	
16.200000	40.135551	-44.014737	0.000000	
16.250000	40.100503	-44.020977	0.000000	
16.300000	40.065539	-44.026842	0.000000	
16.350000	40.030646	-44.032433	0.000000	
16.400000	39.995800	-44.037858	0.000000	
16.450000	39.960977	-44.043203	0.000000	
16.500000	39.926163	-44.048524	0.000000	
16.550000	39.891349	-44.053842	0.000000	
16.600000	39.856518	-44.059206	0.000000	
16.650000	39.821656	-44.064655	0.000000	
16.700000	39.786762	-44.070191	0.000000	
16.750000	39.751846	-44.075786	0.000000	
16.800000	39.716926	-44.081393	0.000000	
16.850000	39.682003	-44.087008	0.000000	
16.900000	39.647071	-44.092645	0.000000	
16.950000	39.612145	-44.098264	0.000000	
17.000000	39.577226	-44.103865	0.000000	
17.050000	39.542310	-44.109455	0.000000	
17.100000	39.507395	-44.115042	0.000000	
17.150000	39.472479	-44.120629	0.000000	
17.200000	39.437557	-44.126231	0.000000	
17.250000	39.402633	-44.131839	0.000000	
17.300000	39.367705	-44.137455	0.000000	
17.350000	39.332765	-44.143103	0.000000	
17.400000	39.297815	-44.148781	0.000000	
17.450000	39.262858	-44.154478	0.000000	
17.500000	39.227897	-44.160185	0.000000	
17.550000	39.192920	-44.165938	0.000000	
17.600000	39.157924	-44.171749	0.000000	
17.650000	39.122904	-44.177630	0.000000	
17.700000	39.087875	-44.183539	0.000000	
17.750000	39.052836	-44.189477	0.000000	
17.800000	39.017791	-44.195434	0.000000	
17.850000	38.982731	-44.201431	0.000000	
17.900000	38.947654	-44.207479	0.000000	
17.950000	38.912567	-44.213555	0.000000	
18.000000	38.877462	-44.219681	0.000000	
18.050000	38.842333	-44.225874	0.000000	
18.100000	38.807182	-44.232126	0.000000	
18.150000	38.772000	-44.238467	0.000000	
18.200000	38.736803	-44.244853	0.000000	
18.250000	38.701594	-44.251268	0.000000	
18.300000	38.666378	-44.257704	0.000000	
18.350000	38.631152	-44.264169	0.000000	
18.400000	38.595929	-44.270624	0.000000	
18.450000	38.560711	-44.277060	0.000000	
18.500000	38.525496	-44.283490	0.000000	
18.550000	38.490278	-44.289924	0.000000	
18.600000	38.455060	-44.296358	0.000000	
18.650000	38.419834	-44.302812	0.000000	
18.700000	38.384608	-44.309266	0.000000	
18.750000	38.349372	-44.315750	0.000000	
18.800000	38.314137	-44.322231	0.000000	
18.850000	38.278894	-44.328733	0.000000	
18.900000	38.243648	-44.335242	0.000000	
18.950000	38.208407	-44.341739	0.000000	
19.000000	38.173165	-44.348235	0.000000	
19.050000	38.137925	-44.354726	0.000000	
19.100000	38.102693	-44.361190	0.000000	
19.150000	38.067482	-44.367595	0.000000	
19.200000	38.032302	-44.373909	0.000000	
19.250000	37.997142	-44.380166	0.000000	
19.300000	37.962005	-44.386354	0.000000	
19.350000	37.926885	-44.392495	0.000000	
19.400000	37.891781	-44.398585	0.000000	
19.450000	37.856696	-44.404620	0.000000	
19.500000	37.821618	-44.410632	0.000000	
19.550000	37.786558	-44.416593	0.000000	
19.600000	37.751514	-44.422504	0.000000	
19.650000	37.716482	-44.428379	0.000000	
19.700000	37.681471	-44.434187	0.000000	
19.750000	37.646476	-44.439943	0.000000	
19.800000	37.611497	-44.445647	0.000000	
19.850000	37.576530	-44.451314	0.000000	
19.900000	37.541576	-44.456939	0.000000	
19.950000	37.506637	-44.462517	0.000000	
20.000000	37.471704	-44.468080	0.000000	
20.050000	37.436773	-44.473634	0.000000	
20.100000	37.401841	-44.479189	0.000000	
20.150000	37.366900	-44.484771	0.000000	
20.200000	37.331941	-44.490403	0.000000	
20.250000	37.296966	-44.496081	0.000000	
20.300000	37.261982	-44.501782	0.000000	
20.350000	37.226983	-44.507527	0.000000	
20.400000	37.191972	-44.513304	0.000000	
20.450000	37.156953	-44.519105	0.000000	
20.500000	37.121916	-44.524959	0.000000	
20.550000	37.086858	-44.530874	0.000000	
20.600000	37.051772	-44.536874	0.000000	
20.650000	37.016657	-44.542962	0.000000	
20.700000	36.981519	-44.549123	0.000000	
20.750000	36.946360	-44.555348	0.000000	
20.800000	36.911181	-44.561630	0.000000	
20.850000	36.875986	-44.567968	0.000000	
20.900000	36.840777	-44.574343	0.000000	
20.950000	36.805557	-44.580752	0.000000	
21.000000	36.770316	-44.587221	0.000000	
21.050000	36.735064	-44.593724	0.000000	
21.100000	36.699798	-44.600265	0.000000	
21.150000	36.664523	-44.606835	0.000000	
21.200000	36.629237	-44.613439	0.000000	
21.250000	36.593934	-44.620095	0.000000	
21.300000	36.558607	-44.626822	0.000000	
21.350000	36.523261	-44.633609	0.000000	
21.400000	36.487893	-44.640460	0.000000	
21.450000	36.452505	-44.647372	0.000000	
21.500000	36.417096	-44.654349	0.000000	
21.550000	36.381667	-44.661390	0.000000	
21.600000	36.346226	-44.668467	0.000000	
21.650000	36.310774	-44.675582	0.000000	
21.700000	36.275316	-44.682714	0.000000	
21.750000	36.239850	-44.689870	0.000000	
21.800000	36.204367	-44.697086	0.000000	
21.850000	36.168865	-44.704368	0.000000	
21.900000	36.133342	-44.711723	0.000000	
21.950000	36.097787	-44.719192	0.000000	
22.000000	36.062193	-44.726800	0.000000	
22.050000	36.026560	-44.734552	0.000000	
22.100000	35.990879	-44.742478	0.000000	
22.150000	35.955155	-44.750560	0.000000	
22.200000	35.919383	-44.758818	0.000000	
22.250000	35.883575	-44.767205	0.000000	
22.300000	35.847738	-44.775700	0.000000	
22.350000	35.811868	-44.784313	0.000000	
22.400000	35.775955	-44.793085	0.000000	
22.450000	35.740006	-44.801989	0.000000	
22.500000	35.704016	-44.811046	0.000000	
22.550000	35.667997	-44.820213	0.000000	
22.600000	35.631948	-44.829496	0.000000	
22.650000	35.595867	-44.838898	0.000000	
22.700000	35.559754	-44.848423	0.000000	
22.750000	35.523606	-44.858087	0.000000	
22.800000	35.487424	-44.867893	0.000000	
22.850000	35.451211	-44.877829	0.000000	
22.900000	35.414972	-44.887876	0.000000	
22.950000	35.378710	-44.898009	0.000000	
23.000000	35.342428	-44.908232	0.000000	
23.050000	35.306127	-44.918534	0.000000	
23.100000	35.269808	-44.928919	0.000000	
23.150000	35.233479	-44.939349	0.000000	
23.200000	35.197132	-44.949855	0.000000	
23.250000	35.160770	-44.960433	0.000000	
23.300000	35.124389	-44.971096	0.000000	
23.350000	35.087990	-44.981840	0.000000	
23.400000	35.051571	-44.992673	0.000000	
23.450000	35.015142	-45.003557	0.000000	
23.500000	34.978695	-45.014521	0.000000	
23.550000	34.942237	-45.025535	0.000000	
23.600000	34.905759	-45.036647	0.000000	
23.650000	34.869258	-45.047872	0.000000	
23.700000	34.832731	-45.059238	0.000000	
23.750000	34.796181	-45.070721	0.000000	
23.800000	34.759614	-45.082299	0.000000	
23.850000	34.723031	-45.093963	0.000000	
23.900000	34.686436	-45.105689	0.000000	
23.950000	34.649825	-45.117504	0.000000	
24.000000	34.613194	-45.129421	0.000000	
24.050000	34.576550	-45.141411	0.000000	
24.100000	34.539897	-45.153443	0.000000	
24.150000	34.503236	-45.165512	0.000000	
24.200000	34.466562	-45.177653	0.000000	
24.250000	34.429880	-45.189829	0.000000	
24.300000	34.393193	-45.202028	0.000000	
24.350000	34.356497	-45.214275	0.000000	
24.400000	34.319786	-45.226598	0.000000	
24.450000	34.283068	-45.238967	0.000000	
24.500000	34.246333	-45.251430	0.000000	
24.550000	34.209584	-45.263974	0.000000	
24.600000	34.172823	-45.276587	0.000000	
24.650000	34.136057	-45.289221	0.000000	
24.700000	34.099288	-45.301862	0.000000	
24.750000	34.062524	-45.314464	0.000000	
24.800000	34.025762	-45.327041	0.000000	
24.850000	33.989001	-45.339604	0.000000	
24.900000	33.952240	-45.352153	0.000000	
24.950000	33.915477	-45.364701	0.000000	
25.000000	33.878713	-45.377248	0.000000	
25.050000	33.841949	-45.389792	0.000000	
25.100000	33.805180	-45.402357	0.000000	
25.150000	33.768400	-45.414989	0.000000	
25.200000	33.731608	-45.427698	0.000000	
25.250000	33.694806	-45.440475	0.000000	
25.300000	33.657992	-45.453338	0.000000	
25.350000	33.621161	-45.466312	0.000000	
25.400000	33.584316	-45.479403	0.000000	
25.450000	33.547457	-45.492605	0.000000	
25.500000	33.510583	-45.505929	0.000000	
25.550000	33.473696	-45.519374	0.000000	
25.600000	33.436796	-45.532934	0.000000	
25.650000	33.399882	-45.546620	0.000000	
25.700000	33.362952	-45.560435	0.000000	
25.750000	33.326006	-45.574372	0.000000	
25.800000	33.289040	-45.588479	0.000000	
25.850000	33.252058	-45.602717	0.000000	
25.900000	33.215058	-45.617089	0.000000	
25.950000	33.178044	-45.631576	0.000000	
26.000000	33.141012	-45.646211	0.000000	
26.050000	33.103963	-45.660984	0.000000	
26.100000	33.066900	-45.675885	0.000000	
26.150000	33.029822	-45.690921	0.000000	
26.200000	32.992732	-45.706077	0.000000	
26.250000	32.955633	-45.721307	0.000000	
26.300000	32.918529	-45.736584	0.000000	
26.350000	32.881420	-45.751885	0.000000	
26.400000	32.844311	-45.767178	0.000000	
26.450000	32.807204	-45.782418	0.000000	
26.500000	32.770101	-45.797606	0.000000	
26.550000	32.733004	-45.812715	0.000000	
26.600000	32.695914	-45.827717	0.000000	
26.650000	32.658833	-45.842615	0.000000	
26.700000	32.621761	-45.857398	0.000000	
26.750000	32.584695	-45.872104	0.000000	
26.800000	32.547634	-45.886739	0.000000	
26.850000	32.510581	-45.901278	0.000000	
26.900000	32.473530	-45.915761	0.000000	
26.950000	32.436482	-45.930198	0.000000	
27.000000	32.399435	-45.944596	0.000000	
27.050000	32.362395	-45.958911	0.000000	
27.100000	32.325361	-45.973128	0.000000	
27.150000	32.288333	-45.987268	0.000000	
27.200000	32.251310	-46.001318	0.000000	
27.250000	32.214293	-46.015259	0.000000	
27.300000	32.177283	-46.029119	0.000000	
27.350000	32.140274	-46.042927	0.000000	
27.400000	32.103267	-46.056712	0.000000	
27.450000	32.066258	-46.070486	0.000000	
27.500000	32.029244	-46.084295	0.000000	
27.550000	31.992227	-46.098106	0.000000	
27.600000	31.955206	-46.111933	0.000000	
27.650000	31.918179	-46.125793	0.000000	
27.700000	31.881145	-46.139694	0.000000	
27.750000	31.844100	-46.153674	0.000000	
27.800000	31.807045	-46.167740	0.000000	
27.850000	31.769979	-46.181893	0.000000	
27.900000	31.732905	-46.196109	0.000000	
27.950000	31.695822	-46.210397	0.000000	
28.000000	31.658730	-46.224759	0.000000	
28.050000	31.621632	-46.239174	0.000000	
28.100000	31.584526	-46.253644	0.000000	
28.150000	31.547411	-46.268187	0.000000	
28.200000	31.510288	-46.282788	0.000000	
28.250000	31.473157	-46.297460	0.000000	
28.300000	31.436015	-46.312231	0.000000	
28.350000	31.398863	-46.327096	0.000000	
28.400000	31.361702	-46.342038	0.000000	
28.450000	31.324534	-46.357036	0.000000	
28.500000	31.287358	-46.372092	0.000000	
28.550000	31.250176	-46.387197	0.000000	
28.600000	31.212985	-46.402392	0.000000	
28.650000	31.175782	-46.417695	0.000000	
28.700000	31.138571	-46.433071	0.000000	
28.750000	31.101352	-46.448526	0.000000	
28.800000	31.064126	-46.464036	0.000000	
28.850000	31.026895	-46.479591	0.000000	
28.900000	30.989658	-46.495191	0.000000	
28.950000	30.952416	-46.510845	0.000000	
29.000000	30.915171	-46.526508	0.000000	
29.050000	30.877923	-46.542163	0.000000	
29.100000	30.840671	-46.557850	0.000000	
29.150000	30.803414	-46.573558	0.000000	
29.200000	30.766153	-46.589278	0.000000	
29.250000	30.728890	-46.604991	0.000000	
29.300000	30.691625	-46.620702	0.000000	
29.350000	30.654358	-46.636389	0.000000	
29.400000	30.617089	-46.652072	0.000000	
29.450000	30.579816	-46.667778	0.000000	
29.500000	30.542538	-46.683503	0.000000	
29.550000	30.505255	-46.699274	0.000000	
29.600000	30.467968	-46.715078	0.000000	
29.650000	30.430676	-46.730911	0.000000	
29.700000	30.393381	-46.746754	0.000000	
29.750000	30.356081	-46.762636	0.000000	
29.800000	30.318777	-46.778550	0.000000	
29.850000	30.281470	-46.794479	0.000000	
29.900000	30.244161	-46.810387	0.000000	
29.950000	30.206850	-46.826271	0.000000	
30.000000	30.169537	-46.842163	0.000000	
30.050000	30.132219	-46.858085	0.000000	
30.100000	30.094896	-46.874041	0.000000	
30.150000	30.057571	-46.889995	0.000000	
30.200000	30.020242	-46.905960	0.000000	
30.250000	29.982911	-46.921920	0.000000	
30.300000	29.945578	-46.937870	0.000000	
30.350000	29.908245	-46.953788	0.000000	
30.400000	29.870912	-46.969682	0.000000	
30.450000	29.833580	-46.985519	0.000000	
30.500000	29.796250	-47.001293	0.000000	
30.550000	29.758921	-47.017034	0.000000	
30.600000	29.721592	-47.032724	0.000000	
30.650000	29.684266	-47.048342	0.000000	
30.700000	29.646942	-47.063878	0.000000	
30.750000	29.609619	-47.079355	0.000000	
30.800000	29.572299	-47.094753	0.000000	
30.850000	29.534981	-47.110074	0.000000	
30.900000	29.497662	-47.125362	0.000000	
30.950000	29.460341	-47.140652	0.000000	
31.000000	29.423017	-47.155952	0.000000	
31.050000	29.385692	-47.171221	0.000000	
31.100000	29.348366	-47.186467	0.000000	
31.150000	29.311040	-47.201675	0.000000	
31.200000	29.273713	-47.216859	0.000000	
31.250000	29.236385	-47.232038	0.000000	
31.300000	29.199054	-47.247216	0.000000	
31.350000	29.161720	-47.262418	0.000000	
31.400000	29.124382	-47.277652	0.000000	
31.450000	29.087039	-47.292936	0.000000	
31.500000	29.049690	-47.308279	0.000000	
31.550000	29.012336	-47.323657	0.000000	
31.600000	28.974978	-47.339063	0.000000	
31.650000	28.937618	-47.354489	0.000000	
31.700000	28.900252	-47.369972	0.000000	
31.750000	28.862880	-47.385516	0.000000	
31.800000	28.825505	-47.401098	0.000000	
31.850000	28.788126	-47.416712	0.000000	
31.900000	28.750744	-47.432338	0.000000	
31.950000	28.713364	-47.447932	0.000000	
32.000000	28.675987	-47.463468	0.000000	
32.050000	28.638613	-47.478946	0.000000	
32.100000	28.601239	-47.494407	0.000000	
32.150000	28.563866	-47.509822	0.000000	
32.200000	28.526497	-47.525188	0.000000	
32.250000	28.489131	-47.540512	0.000000	
32.300000	28.451766	-47.555808	0.000000	
32.350000	28.414400	-47.571094	0.000000	
32.400000	28.377037	-47.586343	0.000000	
32.450000	28.339676	-47.601558	0.000000	
32.500000	28.302320	-47.616695	0.000000	
32.550000	28.264971	-47.631746	0.000000	
32.600000	28.227626	-47.646744	0.000000	
32.650000	28.190283	-47.661700	0.000000	
32.700000	28.152943	-47.676602	0.000000	
32.750000	28.115606	-47.691441	0.000000	
32.800000	28.078274	-47.706199	0.000000	
32.850000	28.040946	-47.720891	0.000000	
32.900000	28.003620	-47.735544	0.000000	
32.950000	27.966295	-47.750168	0.000000	
33.000000	27.928971	-47.764774	0.000000	
33.050000	27.891643	-47.779402	0.000000	
33.100000	27.854313	-47.794053	0.000000	
33.150000	27.816982	-47.808703	0.000000	
33.200000	27.779646	-47.823399	0.000000	
33.250000	27.742306	-47.838142	0.000000	
33.300000	27.704961	-47.852937	0.000000	
33.350000	27.667612	-47.867763	0.000000	
33.400000	27.630259	-47.882631	0.000000	
33.450000	27.592900	-47.897563	0.000000	
33.500000	27.555536	-47.912538	0.000000	
33.550000	27.518168	-47.927553	0.000000	
33.600000	27.480804	-47.942533	0.000000	
33.650000	27.443459	-47.957363	0.000000	
33.700000	27.406160	-47.971920	0.000000	
33.750000	27.368954	-47.986053	0.000000	
33.800000	27.331917	-47.999569	0.000000	
33.850000	27.295128	-48.012330	0.000000	
33.900000	27.258700	-48.024171	0.000000	
33.950000	27.222746	-48.034948	0.000000	
34.000000	27.187412	-48.044523	0.000000	
34.050000	27.152833	-48.052800	0.000000	
34.100000	27.119140	-48.059673	0.000000	
34.150000	27.086471	-48.065050	0.000000	
34.200000	27.054923	-48.068899	0.000000	
34.250000	27.024613	-48.071154	0.000000	
34.300000	26.995612	-48.071806	0.000000	
34.350000	26.967990	-48.070832	0.000000	
34.400000	26.941819	-48.068217	0.000000	
34.450000	26.917129	-48.063950	0.000000	
34.500000	26.893959	-48.058024	0.000000	
34.550000	26.872324	-48.050442	0.000000	
34.600000	26.852239	-48.041228	0.000000	
34.650000	26.833703	-48.030473	0.000000	
34.700000	26.816680	-48.018270	0.000000	
34.750000	26.801150	-48.004729	0.000000	
34.800000	26.787040	-47.990014	0.000000	
34.850000	26.774280	-47.974308	0.000000	
34.900000	26.762786	-47.957758	0.000000	
34.950000	26.752448	-47.940529	0.000000	
35.000000	26.743153	-47.922754	0.000000	
35.050000	26.734773	-47.904570	0.000000	
35.100000	26.727186	-47.886079	0.000000	
35.150000	26.720256	-47.867363	0.000000	
35.200000	26.713864	-47.848494	0.000000	
35.250000	26.707898	-47.829513	0.000000	
35.300000	26.702242	-47.810463	0.000000	
35.350000	26.696849	-47.791362	0.000000	
35.400000	26.691664	-47.772225	0.000000	
35.450000	26.686596	-47.753070	0.000000	
35.500000	26.681637	-47.733900	0.000000	
35.550000	26.676734	-47.714723	0.000000	
35.600000	26.671860	-47.695542	0.000000	
35.650000	26.667021	-47.676357	0.000000	
35.700000	26.662192	-47.657170	0.000000	
35.750000	26.657372	-47.637982	0.000000	
35.800000	26.652571	-47.618792	0.000000	
35.850000	26.647809	-47.599597	0.000000	
35.900000	26.643088	-47.580396	0.000000	
35.950000	26.638409	-47.561189	0.000000	
36.000000	26.633760	-47.541978	0.000000	
36.050000	26.629150	-47.522762	0.000000	
36.100000	26.624565	-47.503543	0.000000	
36.150000	26.619991	-47.484322	0.000000	
36.200000	26.615425	-47.465101	0.000000	
36.250000	26.610833	-47.445883	0.000000	
36.300000	26.606245	-47.426664	0.000000	
36.350000	26.601677	-47.407443	0.000000	
36.400000	26.597087	-47.388224	0.000000	
36.450000	26.592484	-47.369008	0.000000	
36.500000	26.587860	-47.349794	0.000000	
36.550000	26.583168	-47.330588	0.000000	
36.600000	26.578424	-47.311390	0.000000	
36.650000	26.573632	-47.292198	0.000000	
36.700000	26.568751	-47.273019	0.000000	
36.750000	26.563804	-47.253848	0.000000	
36.800000	26.558802	-47.234686	0.000000	
36.850000	26.553738	-47.215533	0.000000	
36.900000	26.548594	-47.196392	0.000000	
36.950000	26.543340	-47.177268	0.000000	
37.000000	26.537997	-47.158157	0.000000	
37.050000	26.532562	-47.139061	0.000000	
37.100000	26.527013	-47.119983	0.000000	
37.150000	26.521367	-47.100919	0.000000	
37.200000	26.515607	-47.081874	0.000000	
37.250000	26.509765	-47.062841	0.000000	
37.300000	26.503856	-47.043818	0.000000	
37.350000	26.497884	-47.024805	0.000000	
37.400000	26.491854	-47.005801	0.000000	
37.450000	26.485786	-46.986801	0.000000	
37.500000	26.479672	-46.967808	0.000000	
37.550000	26.473517	-46.948821	0.000000	
37.600000	26.467331	-46.929839	0.000000	
37.650000	26.461128	-46.910859	0.000000	
37.700000	26.454925	-46.891879	0.000000	
37.750000	26.448743	-46.872896	0.000000	
37.800000	26.442591	-46.853909	0.000000	
37.850000	26.436490	-46.834914	0.000000	
37.900000	26.430422	-46.815914	0.000000	
37.950000	26.424418	-46.796904	0.000000	
38.000000	26.418521	-46.777878	0.000000	
38.050000	26.412698	-46.758840	0.000000	
38.100000	26.406983	-46.739786	0.000000	
38.150000	26.401399	-46.720713	0.000000	
38.200000	26.395911	-46.701624	0.000000	
38.250000	26.390561	-46.682515	0.000000	
38.300000	26.385333	-46.663389	0.000000	
38.350000	26.380208	-46.644248	0.000000	
38.400000	26.375184	-46.625092	0.000000	
38.450000	26.370235	-46.605927	0.000000	
38.500000	26.365330	-46.586756	0.000000	
38.550000	26.360463	-46.567580	0.000000	
38.600000	26.355647	-46.548396	0.000000	
38.650000	26.350917	-46.529201	0.000000	
38.700000	26.346285	-46.509993	0.000000	
38.750000	26.341766	-46.490772	0.000000	
38.800000	26.337354	-46.471538	0.000000	
38.850000	26.333009	-46.452296	0.000000	
38.900000	26.328747	-46.433045	0.000000	
38.950000	26.324602	-46.413782	0.000000	
39.000000	26.320564	-46.394507	0.000000	
39.050000	26.316611	-46.375223	0.000000	
39.100000	26.312754	-46.355930	0.000000	
39.150000	26.308949	-46.336631	0.000000	
39.200000	26.305189	-46.317327	0.000000	
39.250000	26.301492	-46.298017	0.000000	
39.300000	26.297812	-46.278705	0.000000	
39.350000	26.294171	-46.259390	0.000000	
39.400000	26.290608	-46.240067	0.000000	
39.450000	26.287088	-46.220740	0.000000	
39.500000	26.283630	-46.201408	0.000000	
39.550000	26.280245	-46.182067	0.000000	
39.600000	26.276905	-46.162722	0.000000	
39.650000	26.273628	-46.143370	0.000000	
39.700000	26.270410	-46.124012	0.000000	
39.750000	26.267204	-46.104653	0.000000	
39.800000	26.263983	-46.085296	0.000000	
39.850000	26.260770	-46.065938	0.000000	
39.900000	26.257566	-46.046579	0.000000	
39.950000	26.254350	-46.027221	0.000000	
40.000000	26.251105	-46.007866	0.000000	
40.050000	26.247839	-45.988512	0.000000	
40.100000	26.244537	-45.969162	0.000000	
40.150000	26.241183	-45.949816	0.000000	
40.200000	26.237811	-45.930473	0.000000	
40.250000	26.234428	-45.911130	0.000000	
40.300000	26.231047	-45.891788	0.000000	
40.350000	26.227685	-45.872443	0.000000	
40.400000	26.224332	-45.853098	0.000000	
40.450000	26.220937	-45.833757	0.000000	
40.500000	26.217498	-45.814420	0.000000	
40.550000	26.213976	-45.795092	0.000000	
40.600000	26.210377	-45.775771	0.000000	
40.650000	26.206740	-45.756455	0.000000	
40.700000	26.203077	-45.737142	0.000000	
40.750000	26.199394	-45.717830	0.000000	
40.800000	26.195700	-45.698519	0.000000	
40.850000	26.192020	-45.679207	0.000000	
40.900000	26.188326	-45.659897	0.000000	
40.950000	26.184648	-45.640585	0.000000	
41.000000	26.181006	-45.621269	0.000000	
41.050000	26.177396	-45.601952	0.000000	
41.100000	26.173801	-45.582632	0.000000	
41.150000	26.170243	-45.563310	0.000000	
41.200000	26.166771	-45.543980	0.000000	
41.250000	26.163376	-45.524645	0.000000	
41.300000	26.160072	-45.505302	0.000000	
41.350000	26.156850	-45.485954	0.000000	
41.400000	26.153701	-45.466602	0.000000	
41.450000	26.150609	-45.447245	0.000000	
41.500000	26.147585	-45.427883	0.000000	
41.550000	26.144674	-45.408513	0.000000	
41.600000	26.141885	-45.389131	0.000000	
41.650000	26.139227	-45.369737	0.000000	
41.700000	26.136703	-45.350333	0.000000	
41.750000	26.134281	-45.330920	0.000000	
41.800000	26.131925	-45.311503	0.000000	
41.850000	26.129666	-45.292078	0.000000	
41.900000	26.127473	-45.272649	0.000000	
41.950000	26.125337	-45.253215	0.000000	
42.000000	26.123241	-45.233778	0.000000	
42.050000	26.121135	-45.214342	0.000000	
42.100000	26.119026	-45.194906	0.000000	
42.150000	26.116924	-45.175470	0.000000	
42.200000	26.114797	-45.156035	0.000000	
42.250000	26.112599	-45.136607	0.000000	
42.300000	26.110306	-45.117186	0.000000	
42.350000	26.107870	-45.097779	0.000000	
42.400000	26.105283	-45.078383	0.000000	
42.450000	26.102561	-45.059000	0.000000	
42.500000	26.099682	-45.039631	0.000000	
42.550000	26.096644	-45.020278	0.000000	
42.600000	26.093433	-45.000943	0.000000	
42.650000	26.090073	-44.981621	0.000000	
42.700000	26.086576	-44.962313	0.000000	
42.750000	26.082903	-44.943021	0.000000	
42.800000	26.079077	-44.923743	0.000000	
42.850000	26.075121	-44.904478	0.000000	
42.900000	26.071022	-44.885224	0.000000	
42.950000	26.066777	-44.865985	0.000000	
43.000000	26.062408	-44.846757	0.000000	
43.050000	26.057951	-44.827537	0.000000	
43.100000	26.053442	-44.808322	0.000000	
43.150000	26.048879	-44.789111	0.000000	
43.200000	26.044248	-44.769908	0.000000	
43.250000	26.039575	-44.750708	0.000000	
43.300000	26.034858	-44.731514	0.000000	
43.350000	26.030123	-44.712322	0.000000	
43.400000	26.025413	-44.693126	0.000000	
43.450000	26.020750	-44.673926	0.000000	
43.500000	26.016114	-44.654722	0.000000	
43.550000	26.011530	-44.635512	0.000000	
43.600000	26.007028	-44.616291	0.000000	
43.650000	26.002622	-44.597060	0.000000	
43.700000	25.998303	-44.577818	0.000000	
43.750000	25.994039	-44.558570	0.000000	
43.800000	25.989866	-44.539311	0.000000	
43.850000	25.985782	-44.520043	0.000000	
43.900000	25.981746	-44.500769	0.000000	
43.950000	25.977737	-44.481491	0.000000	
44.000000	25.973758	-44.462210	0.000000	
44.050000	25.969801	-44.442926	0.000000	
44.100000	25.965843	-44.423643	0.000000	
44.150000	25.961872	-44.404361	0.000000	
44.200000	25.957869	-44.385083	0.000000	
44.250000	25.953827	-44.365810	0.000000	
44.300000	25.949741	-44.346543	0.000000	
44.350000	25.945650	-44.327276	0.000000	
44.400000	25.941562	-44.308009	0.000000	
44.450000	25.937480	-44.288741	0.000000	
44.500000	25.933389	-44.269475	0.000000	
44.550000	25.929330	-44.250205	0.000000	
44.600000	25.925320	-44.230931	0.000000	
44.650000	25.921373	-44.211651	0.000000	
44.700000	25.917442	-44.192370	0.000000	
44.750000	25.913515	-44.173089	0.000000	
44.800000	25.909613	-44.153806	0.000000	
44.850000	25.905748	-44.134519	0.000000	
44.900000	25.901900	-44.115232	0.000000	
44.950000	25.898093	-44.095940	0.000000	
45.000000	25.894340	-44.076644	0.000000	
45.050000	25.890656	-44.057341	0.000000	
45.100000	25.887038	-44.038031	0.000000	
45.150000	25.883512	-44.018714	0.000000	
45.200000	25.880094	-43.999386	0.000000	
45.250000	25.876800	-43.980048	0.000000	
45.300000	25.873633	-43.960697	0.000000	
45.350000	25.870589	-43.941333	0.000000	
45.400000	25.867640	-43.921959	0.000000	
45.450000	25.864775	-43.902577	0.000000	
45.500000	25.861995	-43.883187	0.000000	
45.550000	25.859281	-43.863792	0.000000	
45.600000	25.856591	-43.844395	0.000000	
45.650000	25.853877	-43.825000	0.000000	
45.700000	25.851116	-43.805610	0.000000	
45.750000	25.848330	-43.786221	0.000000	
45.800000	25.845523	-43.766834	0.000000	
45.850000	25.842673	-43.747452	0.000000	
45.900000	25.839734	-43.728078	0.000000	
45.950000	25.836722	-43.708712	0.000000	
46.000000	25.833623	-43.689355	0.000000	
46.050000	25.830458	-43.670004	0.000000	
46.100000	25.827222	-43.650660	0.000000	
46.150000	25.823924	-43.631323	0.000000	
46.200000	25.820548	-43.611993	0.000000	
46.250000	25.817103	-43.592667	0.000000	
46.300000	25.813610	-43.573345	0.000000	
46.350000	25.810099	-43.554025	0.000000	
46.400000	25.806588	-43.534704	0.000000	
46.450000	25.803071	-43.515384	0.000000	
46.500000	25.799537	-43.496066	0.000000	
46.550000	25.795939	-43.476753	0.000000	
46.600000	25.792261	-43.457446	0.000000	
46.650000	25.788551	-43.438143	0.000000	
46.700000	25.784817	-43.418842	0.000000	
46.750000	25.781058	-43.399544	0.000000	
46.800000	25.777273	-43.380249	0.000000	
46.850000	25.773496	-43.360953	0.000000	
46.900000	25.769731	-43.341655	0.000000	
46.950000	25.765987	-43.322355	0.000000	
47.000000	25.762267	-43.303053	0.000000	
47.050000	25.758582	-43.283746	0.000000	
47.100000	25.754904	-43.264439	0.000000	
47.150000	25.751229	-43.245131	0.000000	
47.200000	25.747532	-43.225826	0.000000	
47.250000	25.743828	-43.206522	0.000000	
47.300000	25.740067	-43.187224	0.000000	
47.350000	25.736231	-43.167934	0.000000	
47.400000	25.732326	-43.148651	0.000000	
47.450000	25.728343	-43.129375	0.000000	
47.500000	25.724326	-43.110102	0.000000	
47.550000	25.720302	-43.090830	0.000000	
47.600000	25.716313	-43.071555	0.000000	
47.650000	25.712383	-43.052274	0.000000	
47.700000	25.708486	-43.032990	0.000000	
47.750000	25.704638	-43.013702	0.000000	
47.800000	25.700823	-42.994410	0.000000	
47.850000	25.697032	-42.975116	0.000000	
47.900000	25.693224	-42.955824	0.000000	
47.950000	25.689406	-42.936533	0.000000	
48.000000	25.685569	-42.917244	0.000000	
48.050000	25.681680	-42.897962	0.000000	
48.100000	25.677729	-42.878687	0.000000	
48.150000	25.673757	-42.859415	0.000000	
48.200000	25.669772	-42.840145	0.000000	
48.250000	25.665772	-42.820877	0.000000	
48.300000	25.661740	-42.801613	0.000000	
48.350000	25.657718	-42.782348	0.000000	
48.400000	25.653711	-42.763081	0.000000	
48.450000	25.649682	-42.743817	0.000000	
48.500000	25.645646	-42.724554	0.000000	
48.550000	25.641572	-42.705295	0.000000	
48.600000	25.637457	-42.686040	0.000000	
48.650000	25.633307	-42.666788	0.000000	
48.700000	25.629113	-42.647540	0.000000	
48.750000	25.624863	-42.628298	0.000000	
48.800000	25.620535	-42.609064	0.000000	
48.850000	25.616169	-42.589834	0.000000	
48.900000	25.611779	-42.570606	0.000000	
48.950000	25.607389	-42.551378	0.000000	
49.000000	25.603010	-42.532149	0.000000	
49.050000	25.598642	-42.512919	0.000000	
49.100000	25.594305	-42.493685	0.000000	
49.150000	25.590016	-42.474444	0.000000	
49.200000	25.585734	-42.455203	0.000000	
49.250000	25.581465	-42.435960	0.000000	
49.300000	25.577243	-42.416712	0.000000	
49.350000	25.573061	-42.397458	0.000000	
49.400000	25.568884	-42.378204	0.000000	
49.450000	25.564705	-42.358950	0.000000	
49.500000	25.560522	-42.339697	0.000000	
49.550000	25.556323	-42.320446	0.000000	
49.600000	25.552141	-42.301193	0.000000	
49.650000	25.547970	-42.281938	0.000000	
49.700000	25.543785	-42.262685	0.000000	
49.750000	25.539578	-42.243435	0.000000	
49.800000	25.535367	-42.224185	0.000000	
49.850000	25.531176	-42.204932	0.000000	
49.900000	25.527008	-42.185678	0.000000	
49.950000	25.522840	-42.166423	0.000000	
50.000000	25.518652	-42.147170	0.000000	
50.050000	25.514441	-42.127920	0.000000	
50.100000	25.510234	-42.108670	0.000000	
50.150000	25.506035	-42.089418	0.000000	
50.200000	25.501846	-42.070166	0.000000	
50.250000	25.497654	-42.050913	0.000000	
50.300000	25.493442	-42.031664	0.000000	
50.350000	25.489185	-42.012419	0.000000	
50.400000	25.484897	-41.993179	0.000000	
50.450000	25.480597	-41.973940	0.000000	
50.500000	25.476263	-41.954705	0.000000	
50.550000	25.471893	-41.935476	0.000000	
50.600000	25.467475	-41.916253	0.000000	
50.650000	25.463004	-41.897036	0.000000	
50.700000	25.458485	-41.877826	0.000000	
50.750000	25.453918	-41.858621	0.000000	
50.800000	25.449328	-41.839419	0.000000	
50.850000	25.444690	-41.820223	0.000000	
50.900000	25.440022	-41.801031	0.000000	
50.950000	25.435292	-41.781846	0.000000	
51.000000	25.430495	-41.762669	0.000000	
51.050000	25.425698	-41.743493	0.000000	
51.100000	25.420972	-41.724310	0.000000	
51.150000	25.416415	-41.705115	0.000000	
51.200000	25.412142	-41.685911	0.000000	
51.250000	25.408277	-41.666708	0.000000	
51.300000	25.404984	-41.647525	0.000000	
51.350000	25.402419	-41.628400	0.000000	
51.400000	25.400742	-41.609379	0.000000	
51.450000	25.400063	-41.590517	0.000000	
51.500000	25.400506	-41.571884	0.000000	
51.550000	25.402223	-41.553560	0.000000	
51.600000	25.405340	-41.535622	0.000000	
51.650000	25.409950	-41.518145	0.000000	
51.700000	25.416103	-41.501201	0.000000	
51.750000	25.423828	-41.484844	0.000000	
51.800000	25.433174	-41.469127	0.000000	
51.850000	25.444155	-41.454079	0.000000	
51.900000	25.456809	-41.439721	0.000000	
51.950000	25.471129	-41.426068	0.000000	
52.000000	25.487148	-41.413155	0.000000	
52.050000	25.504885	-41.400974	0.000000	
52.100000	25.524298	-41.389546	0.000000	
52.150000	25.545311	-41.378875	0.000000	
52.200000	25.567813	-41.368952	0.000000	
52.250000	25.591696	-41.359794	0.000000	
52.300000	25.616841	-41.351398	0.000000	
52.350000	25.643113	-41.343745	0.000000	
52.400000	25.670354	-41.336794	0.000000	
52.450000	25.698426	-41.330505	0.000000	
52.500000	25.727215	-41.324837	0.000000	
52.550000	25.756591	-41.319723	0.000000	
52.600000	25.786431	-41.315086	0.000000	
52.650000	25.816633	-41.310855	0.000000	
52.700000	25.847114	-41.306958	0.000000	
52.750000	25.877799	-41.303317	0.000000	
52.800000	25.908649	-41.299896	0.000000	
52.850000	25.939612	-41.296629	0.000000	
52.900000	25.970664	-41.293486	0.000000	
52.950000	26.001787	-41.290445	0.000000	
53.000000	26.032977	-41.287501	0.000000	
53.050000	26.064200	-41.284606	0.000000	
53.100000	26.095467	-41.281776	0.000000	
53.150000	26.126752	-41.278974	0.000000	
53.200000	26.158045	-41.276184	0.000000	
53.250000	26.189341	-41.273397	0.000000	
53.300000	26.220612	-41.270577	0.000000	
53.350000	26.251853	-41.267714	0.000000	
53.400000	26.283076	-41.264826	0.000000	
53.450000	26.314268	-41.261894	0.000000	
53.500000	26.345406	-41.258889	0.000000	
53.550000	26.376489	-41.255806	0.000000	
53.600000	26.407515	-41.252643	0.000000	
53.650000	26.438475	-41.249386	0.000000	
53.700000	26.469348	-41.246009	0.000000	
53.750000	26.500125	-41.242496	0.000000	
53.800000	26.530808	-41.238856	0.000000	
53.850000	26.561395	-41.235080	0.000000	
53.900000	26.591895	-41.231183	0.000000	
53.950000	26.622307	-41.227164	0.000000	
54.000000	26.652632	-41.223024	0.000000	
54.050000	26.682871	-41.218764	0.000000	
54.100000	26.713037	-41.214400	0.000000	
54.150000	26.743113	-41.209912	0.000000	
54.200000	26.773117	-41.205323	0.000000	
54.250000	26.803053	-41.200644	0.000000	
54.300000	26.832926	-41.195882	0.000000	
54.350000	26.862753	-41.191061	0.000000	
54.400000	26.892536	-41.186184	0.000000	
54.450000	26.922248	-41.181215	0.000000	
54.500000	26.951902	-41.176171	0.000000	
54.550000	26.981503	-41.171063	0.000000	
54.600000	27.011044	-41.165880	0.000000	
54.650000	27.040540	-41.160639	0.000000	
54.700000	27.070006	-41.155362	0.000000	
54.750000	27.099440	-41.150045	0.000000	
54.800000	27.128859	-41.144710	0.000000	
54.850000	27.158274	-41.139372	0.000000	
54.900000	27.187666	-41.134006	0.000000	
54.950000	27.217032	-41.128607	0.000000	
55.000000	27.246371	-41.123176	0.000000	
55.050000	27.275667	-41.117693	0.000000	
55.100000	27.304898	-41.112132	0.000000	
55.150000	27.334044	-41.106467	0.000000	
55.200000	27.363112	-41.100711	0.000000	
55.250000	27.392097	-41.094854	0.000000	
55.300000	27.420997	-41.088898	0.000000	
55.350000	27.449832	-41.082867	0.000000	
55.400000	27.478608	-41.076766	0.000000	
55.450000	27.507311	-41.070580	0.000000	
55.500000	27.535952	-41.064322	0.000000	
55.550000	27.564539	-41.058004	0.000000	
55.600000	27.593086	-41.051638	0.000000	
55.650000	27.621594	-41.045228	0.000000	
55.700000	27.650034	-41.038742	0.000000	
55.750000	27.678412	-41.032182	0.000000	
55.800000	27.706739	-41.025564	0.000000	
55.850000	27.735005	-41.018876	0.000000	
55.900000	27.763191	-41.012094	0.000000	
55.950000	27.791296	-41.005221	0.000000	
56.000000	27.819331	-40.998268	0.000000	
56.050000	27.847306	-40.991245	0.000000	
56.100000	27.875240	-40.984176	0.000000	
56.150000	27.903162	-40.977094	0.000000	
56.200000	27.931087	-40.970018	0.000000	
56.250000	27.959006	-40.962934	0.000000	
56.300000	27.986929	-40.955857	0.000000	
56.350000	28.014862	-40.948791	0.000000	
56.400000	28.042785	-40.941714	0.000000	
56.450000	28.070683	-40.934611	0.000000	
56.500000	28.098581	-40.927507	0.000000	
56.550000	28.126475	-40.920401	0.000000	
56.600000	28.154354	-40.913278	0.000000	
56.650000	28.182222	-40.906144	0.000000	
56.700000	28.210077	-40.898997	0.000000	
56.750000	28.237946	-40.891866	0.000000	
56.800000	28.265828	-40.884749	0.000000	
56.850000	28.293715	-40.877640	0.000000	
56.900000	28.321621	-40.870551	0.000000	
56.950000	28.349542	-40.863482	0.000000	
57.000000	28.377513	-40.856468	0.000000	
57.050000	28.405535	-40.849513	0.000000	
57.100000	28.433590	-40.842597	0.000000	
57.150000	28.461676	-40.835715	0.000000	
57.200000	28.489768	-40.828841	0.000000	
57.250000	28.517864	-40.821973	0.000000	
57.300000	28.545985	-40.815133	0.000000	
57.350000	28.574133	-40.808325	0.000000	
57.400000	28.602315	-40.801556	0.000000	
57.450000	28.630555	-40.794854	0.000000	
57.500000	28.658860	-40.788227	0.000000	
57.550000	28.687217	-40.781661	0.000000	
57.600000	28.715640	-40.775172	0.000000	
57.650000	28.744128	-40.768759	0.000000	
57.700000	28.772660	-40.762397	0.000000	
57.750000	28.801231	-40.756078	0.000000	
57.800000	28.829826	-40.749788	0.000000	
57.850000	28.858417	-40.743494	0.000000	
57.900000	28.887013	-40.737205	0.000000	
57.950000	28.915616	-40.730924	0.000000	
58.000000	28.944238	-40.724664	0.000000	
58.050000	28.972871	-40.718418	0.000000	
58.100000	29.001492	-40.712157	0.000000	
58.150000	29.030099	-40.705881	0.000000	
58.200000	29.058694	-40.699590	0.000000	
58.250000	29.087274	-40.693283	0.000000	
58.300000	29.115834	-40.686953	0.000000	
58.350000	29.144377	-40.680604	0.000000	
58.400000	29.172904	-40.674237	0.000000	
58.450000	29.201420	-40.667857	0.000000	
58.500000	29.229918	-40.661455	0.000000	
58.550000	29.258404	-40.655038	0.000000	
58.600000	29.286861	-40.648588	0.000000	
58.650000	29.315279	-40.642093	0.000000	
58.700000	29.343658	-40.635551	0.000000	
58.750000	29.372022	-40.628991	0.000000	
58.800000	29.400390	-40.622438	0.000000	
58.850000	29.428751	-40.615876	0.000000	
58.900000	29.457121	-40.609324	0.000000	
58.950000	29.485516	-40.602801	0.000000	
59.000000	29.513931	-40.596303	0.000000	
59.050000	29.542356	-40.589817	0.000000	
59.100000	29.570765	-40.583312	0.000000	
59.150000	29.599184	-40.576819	0.000000	
59.200000	29.627623	-40.570350	0.000000	
59.250000	29.656090	-40.563914	0.000000	
59.300000	29.684603	-40.557533	0.000000	
59.350000	29.713158	-40.551200	0.000000	
59.400000	29.741761	-40.544924	0.000000	
59.450000	29.770396	-40.538687	0.000000	
59.500000	29.799039	-40.532461	0.000000	
59.550000	29.827675	-40.526226	0.000000	
59.600000	29.856312	-40.519993	0.000000	
59.650000	29.884970	-40.513786	0.000000	
59.700000	29.913640	-40.507595	0.000000	
59.750000	29.942345	-40.501445	0.000000	
59.800000	29.971086	-40.495338	0.000000	
59.850000	29.999856	-40.489268	0.000000	
59.900000	30.028685	-40.483271	0.000000	
59.950000	30.057586	-40.477364	0.000000	
60.000000	30.086546	-40.471532	0.000000	
60.050000	30.115559	-40.465769	0.000000	
60.100000	30.144624	-40.460072	0.000000	
60.150000	30.173772	-40.454479	0.000000	
60.200000	30.202998	-40.448987	0.000000	
60.250000	30.232305	-40.443600	0.000000	
60.300000	30.261690	-40.438314	0.000000	
60.350000	30.291128	-40.433097	0.000000	
60.400000	30.320640	-40.427974	0.000000	
60.450000	30.350221	-40.422941	0.000000	
60.500000	30.379867	-40.417994	0.000000	
60.550000	30.409581	-40.413133	0.000000	
60.600000	30.439388	-40.408389	0.000000	
60.650000	30.469268	-40.403740	0.000000	
60.700000	30.499217	-40.399181	0.000000	
60.750000	30.529239	-40.394715	0.000000	
60.800000	30.559307	-40.390307	0.000000	
60.850000	30.589404	-40.385937	0.000000	
60.900000	30.619532	-40.381609	0.000000	
60.950000	30.649670	-40.377294	0.000000	
61.000000	30.679787	-40.372952	0.000000	
61.050000	30.709865	-40.368562	0.000000	
61.100000	30.739904	-40.364122	0.000000	
61.150000	30.769915	-40.359646	0.000000	
61.200000	30.799875	-40.355106	0.000000	
61.250000	30.829765	-40.350478	0.000000	
61.300000	30.859585	-40.345760	0.000000	
61.350000	30.889340	-40.340957	0.000000	
61.400000	30.919056	-40.336105	0.000000	
61.450000	30.948733	-40.331201	0.000000	
61.500000	30.978343	-40.326213	0.000000	
61.550000	31.007907	-40.321165	0.000000	
61.600000	31.037440	-40.316077	0.000000	
61.650000	31.066910	-40.310909	0.000000	
61.700000	31.096330	-40.305677	0.000000	
61.750000	31.125706	-40.300388	0.000000	
61.800000	31.155050	-40.295059	0.000000	
61.850000	31.184374	-40.289706	0.000000	
61.900000	31.213686	-40.284339	0.000000	
61.950000	31.242976	-40.278944	0.000000	
62.000000	31.272264	-40.273549	0.000000	
62.050000	31.301566	-40.268171	0.000000	
62.100000	31.330893	-40.262828	0.000000	
62.150000	31.360238	-40.257507	0.000000	
62.200000	31.389606	-40.252218	0.000000	
62.250000	31.419017	-40.246985	0.000000	
62.300000	31.448490	-40.241831	0.000000	
62.350000	31.478011	-40.236739	0.000000	
62.400000	31.507568	-40.231694	0.000000	
62.450000	31.537163	-40.226701	0.000000	
62.500000	31.566795	-40.221758	0.000000	
62.550000	31.596470	-40.216871	0.000000	
62.600000	31.626190	-40.212044	0.000000	
62.650000	31.655972	-40.207304	0.000000	
62.700000	31.685848	-40.202691	0.000000	
62.750000	31.715832	-40.198230	0.000000	
62.800000	31.745962	-40.193986	0.000000	
62.850000	31.776271	-40.190021	0.000000	
62.900000	31.806807	-40.186436	0.000000	
62.950000	31.837608	-40.183327	0.000000	
63.000000	31.868704	-40.180782	0.000000	
63.050000	31.900106	-40.178865	0.000000	
63.100000	31.931836	-40.177669	0.000000	
63.150000	31.963910	-40.177261	0.000000	
63.200000	31.996349	-40.177742	0.000000	
63.250000	32.029152	-40.179176	0.000000	
63.300000	32.062309	-40.181601	0.000000	
63.350000	32.095815	-40.185077	0.000000	
63.400000	32.129681	-40.189663	0.000000	
63.450000	32.163910	-40.195384	0.000000	
63.500000	32.198485	-40.202232	0.000000	
63.550000	32.233405	-40.210204	0.000000	
63.600000	32.268678	-40.219303	0.000000	
63.650000	32.304288	-40.229511	0.000000	
63.700000	32.340216	-40.240782	0.000000	
63.750000	32.376450	-40.253098	0.000000	
63.800000	32.412964	-40.266436	0.000000	
63.850000	32.449715	-40.280739	0.000000	
63.900000	32.486663	-40.295937	0.000000	
63.950000	32.523760	-40.311946	0.000000	
64.000000	32.560966	-40.328687	0.000000	
64.050000	32.598251	-40.346053	0.000000	
64.100000	32.635592	-40.363957	0.000000	
64.150000	32.672968	-40.382287	0.000000	
64.200000	32.710367	-40.400970	0.000000	
64.250000	32.747777	-40.419929	0.000000	
64.300000	32.785190	-40.439091	0.000000	
64.350000	32.822602	-40.458385	0.000000	
64.400000	32.860013	-40.477713	0.000000	
64.450000	32.897422	-40.497008	0.000000	
64.500000	32.934832	-40.516233	0.000000	
64.550000	32.972240	-40.535361	0.000000	
64.600000	33.009649	-40.554411	0.000000	
64.650000	33.047058	-40.573381	0.000000	
64.700000	33.084466	-40.592247	0.000000	
64.750000	33.121872	-40.611010	0.000000	
64.800000	33.159276	-40.629671	0.000000	
64.850000	33.196680	-40.648237	0.000000	
64.900000	33.234084	-40.666694	0.000000	
64.950000	33.271487	-40.685015	0.000000	
65.000000	33.308890	-40.703209	0.000000	
65.050000	33.346295	-40.721265	0.000000	
65.100000	33.383701	-40.739225	0.000000	
65.150000	33.421107	-40.757113	0.000000	
65.200000	33.458513	-40.774940	0.000000	
65.250000	33.495917	-40.792695	0.000000	
65.300000	33.533322	-40.810387	0.000000	
65.350000	33.570727	-40.828007	0.000000	
65.400000	33.608131	-40.845565	0.000000	
65.450000	33.645534	-40.863081	0.000000	
65.500000	33.682936	-40.880586	0.000000	
65.550000	33.720337	-40.898092	0.000000	
65.600000	33.757738	-40.915627	0.000000	
65.650000	33.795137	-40.933158	0.000000	
65.700000	33.832535	-40.950673	0.000000	
65.750000	33.869933	-40.968206	0.000000	
65.800000	33.907329	-40.985790	0.000000	
65.850000	33.944726	-41.003443	0.000000	
65.900000	33.982121	-41.021165	0.000000	
65.950000	34.019514	-41.038982	0.000000	
66.000000	34.056906	-41.056904	0.000000	
66.050000	34.094297	-41.074912	0.000000	
66.100000	34.131686	-41.093000	0.000000	
66.150000	34.169074	-41.111124	0.000000	
66.200000	34.206460	-41.129246	0.000000	
66.250000	34.243845	-41.147381	0.000000	
66.300000	34.281229	-41.165535	0.000000	
66.350000	34.318611	-41.183710	0.000000	
66.400000	34.355992	-41.201891	0.000000	
66.450000	34.393372	-41.220070	0.000000	
66.500000	34.430751	-41.238280	0.000000	
66.550000	34.468128	-41.256532	0.000000	
66.600000	34.505503	-41.274839	0.000000	
66.650000	34.542876	-41.293201	0.000000	
66.700000	34.580248	-41.311607	0.000000	
66.750000	34.617620	-41.330056	0.000000	
66.800000	34.654990	-41.348513	0.000000	
66.850000	34.692358	-41.366987	0.000000	
66.900000	34.729725	-41.385471	0.000000	
66.950000	34.767092	-41.403929	0.000000	
67.000000	34.804458	-41.422352	0.000000	
67.050000	34.841824	-41.440741	0.000000	
67.100000	34.879189	-41.459119	0.000000	
67.150000	34.916554	-41.477470	0.000000	
67.200000	34.953918	-41.495819	0.000000	
67.250000	34.991281	-41.514187	0.000000	
67.300000	35.028643	-41.532544	0.000000	
67.350000	35.066003	-41.550894	0.000000	
67.400000	35.103363	-41.569196	0.000000	
67.450000	35.140721	-41.587493	0.000000	
67.500000	35.178078	-41.605796	0.000000	
67.550000	35.215434	-41.624081	0.000000	
67.600000	35.252789	-41.642354	0.000000	
67.650000	35.290144	-41.660593	0.000000	
67.700000	35.327499	-41.678776	0.000000	
67.750000	35.364854	-41.696904	0.000000	
67.800000	35.402206	-41.714978	0.000000	
67.850000	35.439558	-41.733039	0.000000	
67.900000	35.476908	-41.751071	0.000000	
67.950000	35.514258	-41.769068	0.000000	
68.000000	35.551606	-41.787024	0.000000	
68.050000	35.588953	-41.804919	0.000000	
68.100000	35.626299	-41.822771	0.000000	
68.150000	35.663645	-41.840582	0.000000	
68.200000	35.700989	-41.858389	0.000000	
68.250000	35.738332	-41.876181	0.000000	
68.300000	35.775675	-41.893956	0.000000	
68.350000	35.813016	-41.911746	0.000000	
68.400000	35.850357	-41.929576	0.000000	
68.450000	35.887695	-41.947469	0.000000	
68.500000	35.925033	-41.965412	0.000000	
68.550000	35.962368	-41.983400	0.000000	
68.600000	35.999702	-42.001458	0.000000	
68.650000	36.037035	-42.019535	0.000000	
68.700000	36.074366	-42.037638	0.000000	
68.750000	36.111697	-42.055759	0.000000	
68.800000	36.149026	-42.073927	0.000000	
68.850000	36.186355	-42.092156	0.000000	
68.900000	36.223683	-42.110436	0.000000	
68.950000	36.261009	-42.128755	0.000000	
69.000000	36.298335	-42.147132	0.000000	
69.050000	36.335658	-42.165575	0.000000	
69.100000	36.372980	-42.184108	0.000000	
69.150000	36.410301	-42.202731	0.000000	
69.200000	36.447620	-42.221411	0.000000	
69.250000	36.484936	-42.240143	0.000000	
69.300000	36.522251	-42.258928	0.000000	
69.350000	36.559563	-42.277784	0.000000	
69.400000	36.596872	-42.296725	0.000000	
69.450000	36.634177	-42.315745	0.000000	
69.500000	36.671478	-42.334845	0.000000	
69.550000	36.708773	-42.354036	0.000000	
69.600000	36.746064	-42.373316	0.000000	
69.650000	36.783349	-42.392678	0.000000	
69.700000	36.820628	-42.412130	0.000000	
69.750000	36.857903	-42.431675	0.000000	
69.800000	36.895172	-42.451313	0.000000	
69.850000	36.932437	-42.471048	0.000000	
69.900000	36.969698	-42.490870	0.000000	
69.950000	37.006954	-42.510790	0.000000	
70.000000	37.044205	-42.530807	0.000000	
70.050000	37.081452	-42.550900	0.000000	
70.100000	37.118695	-42.571055	0.000000	
70.150000	37.155935	-42.591278	0.000000	
70.200000	37.193169	-42.611576	0.000000	
70.250000	37.230396	-42.631970	0.000000	
70.300000	37.267618	-42.652437	0.000000	
70.350000	37.304835	-42.672964	0.000000	
70.400000	37.342049	-42.693523	0.000000	
70.450000	37.379263	-42.714080	0.000000	
70.500000	37.416477	-42.734601	0.000000	
70.550000	37.453693	-42.755063	0.000000	
70.600000	37.490911	-42.775466	0.000000	
70.650000	37.528132	-42.795804	0.000000	
70.700000	37.565358	-42.816036	0.000000	
70.750000	37.602588	-42.836186	0.000000	
70.800000	37.639820	-42.856259	0.000000	
70.850000	37.677055	-42.876254	0.000000	
70.900000	37.714292	-42.896183	0.000000	
70.950000	37.751530	-42.916071	0.000000	
71.000000	37.788771	-42.935884	0.000000	
71.050000	37.826015	-42.955620	0.000000	
71.100000	37.863262	-42.975261	0.000000	
71.150000	37.900510	-42.994811	0.000000	
71.200000	37.937762	-43.014266	0.000000	
71.250000	37.975019	-43.033620	0.000000	
71.300000	38.012280	-43.052844	0.000000	
71.350000	38.049547	-43.071919	0.000000	
71.400000	38.086817	-43.090875	0.000000	
71.450000	38.124091	-43.109718	0.000000	
71.500000	38.161367	-43.128474	0.000000	
71.550000	38.198644	-43.147156	0.000000	
71.600000	38.235922	-43.165776	0.000000	
71.650000	38.273200	-43.184317	0.000000	
71.700000	38.310479	-43.202822	0.000000	
71.750000	38.347756	-43.221352	0.000000	
71.800000	38.385027	-43.239980	0.000000	
71.850000	38.422285	-43.258776	0.000000	
71.900000	38.459519	-43.277826	0.000000	
71.950000	38.496713	-43.297196	0.000000	
72.000000	38.533852	-43.316948	0.000000	
72.050000	38.570908	-43.337192	0.000000	
72.100000	38.607858	-43.358003	0.000000	
72.150000	38.644669	-43.379479	0.000000	
72.200000	38.681307	-43.401715	0.000000	
72.250000	38.717741	-43.424753	0.000000	
72.300000	38.753947	-43.448632	0.000000	
72.350000	38.789897	-43.473415	0.000000	
72.400000	38.825568	-43.499161	0.000000	
72.450000	38.860932	-43.525899	0.000000	
72.500000	38.895984	-43.553640	0.000000	
72.550000	38.930699	-43.582411	0.000000	
72.600000	38.965059	-43.612244	0.000000	
72.650000	38.999076	-43.643134	0.000000	
72.700000	39.032752	-43.675072	0.000000	
72.750000	39.066101	-43.708009	0.000000	
72.800000	39.099139	-43.741890	0.000000	
72.850000	39.131881	-43.776616	0.000000	
72.900000	39.164334	-43.812119	0.000000	
72.950000	39.196513	-43.848320	0.000000	
73.000000	39.228424	-43.885148	0.000000	
73.050000	39.260083	-43.922532	0.000000	
73.100000	39.291521	-43.960377	0.000000	
73.150000	39.322757	-43.998615	0.000000	
73.200000	39.353817	-44.037174	0.000000	
73.250000	39.384728	-44.075989	0.000000	
73.300000	39.415511	-44.115010	0.000000	
73.350000	39.446196	-44.154186	0.000000	
73.400000	39.476824	-44.193449	0.000000	
73.450000	39.507406	-44.232779	0.000000	
73.500000	39.537964	-44.272142	0.000000	
73.550000	39.568508	-44.311524	0.000000	
73.600000	39.599065	-44.350887	0.000000	
73.650000	39.629638	-44.390226	0.000000	
73.700000	39.660200	-44.429578	0.000000	
73.750000	39.690749	-44.468946	0.000000	
73.800000	39.721278	-44.508342	0.000000	
73.850000	39.751763	-44.547797	0.000000	
73.900000	39.782189	-44.587334	0.000000	
73.950000	39.812557	-44.626952	0.000000	
74.000000	39.842851	-44.666674	0.000000	
74.050000	39.873092	-44.706467	0.000000	
74.100000	39.903282	-44.746330	0.000000	
74.150000	39.933428	-44.786255	0.000000	
74.200000	39.963517	-44.826258	0.000000	
74.250000	39.993547	-44.866339	0.000000	
74.300000	40.023521	-44.906494	0.000000	
74.350000	40.053444	-44.946718	0.000000	
74.400000	40.083303	-44.987024	0.000000	
74.450000	40.113066	-45.027457	0.000000	
74.500000	40.142736	-45.068010	0.000000	
74.550000	40.172300	-45.108698	0.000000	
74.600000	40.201754	-45.149526	0.000000	
74.650000	40.231100	-45.190493	0.000000	
74.700000	40.260349	-45.231581	0.000000	
74.750000	40.289503	-45.272787	0.000000	
74.800000	40.318549	-45.314123	0.000000	
74.850000	40.347478	-45.355601	0.000000	
74.900000	40.376288	-45.397222	0.000000	
74.950000	40.404981	-45.438983	0.000000	
75.000000	40.433566	-45.480873	0.000000	
75.050000	40.462071	-45.522860	0.000000	
75.100000	40.490497	-45.564943	0.000000	
75.150000	40.518843	-45.607125	0.000000	
75.200000	40.547104	-45.649413	0.000000	
75.250000	40.575300	-45.691783	0.000000	
75.300000	40.603433	-45.734227	0.000000	
75.350000	40.631501	-45.776751	0.000000	
75.400000	40.659510	-45.819344	0.000000	
75.450000	40.687467	-45.861999	0.000000	
75.500000	40.715395	-45.904687	0.000000	
75.550000	40.743320	-45.947378	0.000000	
75.600000	40.771270	-45.990039	0.000000	
75.650000	40.799230	-46.032686	0.000000	
75.700000	40.827203	-46.075316	0.000000	
75.750000	40.855187	-46.117934	0.000000	
75.800000	40.883183	-46.160536	0.000000	
75.850000	40.911188	-46.203127	0.000000	
75.900000	40.939209	-46.245701	0.000000	
75.950000	40.967247	-46.288254	0.000000	
76.000000	40.995292	-46.330799	0.000000	
76.050000	41.023344	-46.373335	0.000000	
76.100000	41.051375	-46.415894	0.000000	
76.150000	41.079358	-46.458506	0.000000	
76.200000	41.107305	-46.501157	0.000000	
76.250000	41.135199	-46.543868	0.000000	
76.300000	41.163052	-46.586624	0.000000	
76.350000	41.190865	-46.629425	0.000000	
76.400000	41.218639	-46.672269	0.000000	
76.450000	41.246379	-46.715150	0.000000	
76.500000	41.274079	-46.758077	0.000000	
76.550000	41.301717	-46.801071	0.000000	
76.600000	41.329274	-46.844155	0.000000	
76.650000	41.356721	-46.887361	0.000000	
76.700000	41.384060	-46.930683	0.000000	
76.750000	41.411264	-46.974149	0.000000	
76.800000	41.438326	-47.017765	0.000000	
76.850000	41.465252	-47.061521	0.000000	
76.900000	41.492062	-47.105397	0.000000	
76.950000	41.518761	-47.149388	0.000000	
77.000000	41.545340	-47.193501	0.000000	
77.050000	41.571834	-47.237701	0.000000	
77.100000	41.598218	-47.282013	0.000000	
77.150000	41.624498	-47.326430	0.000000	
77.200000	41.650669	-47.370952	0.000000	
77.250000	41.676734	-47.415582	0.000000	
77.300000	41.702721	-47.460289	0.000000	
77.350000	41.728607	-47.505098	0.000000	
77.400000	41.754416	-47.549987	0.000000	
77.450000	41.780156	-47.594944	0.000000	
77.500000	41.805837	-47.639964	0.000000	
77.550000	41.831454	-47.685048	0.000000	
77.600000	41.857032	-47.730171	0.000000	
77.650000	41.882568	-47.775336	0.000000	
77.700000	41.908088	-47.820517	0.000000	
77.750000	41.933616	-47.865689	0.000000	
77.800000	41.959163	-47.910842	0.000000	
77.850000	41.984749	-47.955956	0.000000	
77.900000	42.010395	-48.001011	0.000000	
77.950000	42.036097	-48.046011	0.000000	
78.000000	42.061843	-48.090968	0.000000	
78.050000	42.087643	-48.135872	0.000000	
78.100000	42.113464	-48.180756	0.000000	
78.150000	42.139315	-48.225611	0.000000	
78.200000	42.165220	-48.270413	0.000000	
78.250000	42.191202	-48.315142	0.000000	
78.300000	42.217232	-48.359824	0.000000	
78.350000	42.243290	-48.404479	0.000000	
78.400000	42.269367	-48.449117	0.000000	
78.450000	42.295461	-48.493737	0.000000	
78.500000	42.321585	-48.538328	0.000000	
78.550000	42.347712	-48.582916	0.000000	
78.600000	42.373840	-48.627504	0.000000	
78.650000	42.399944	-48.672114	0.000000	
78.700000	42.426028	-48.716743	0.000000	
78.750000	42.452084	-48.761400	0.000000	
78.800000	42.478108	-48.806089	0.000000	
78.850000	42.504099	-48.850809	0.000000	
78.900000	42.530057	-48.895563	0.000000	
78.950000	42.555977	-48.940354	0.000000	
79.000000	42.581847	-48.985196	0.000000	
79.050000	42.607689	-49.030066	0.000000	
79.100000	42.633489	-49.074978	0.000000	
79.150000	42.659265	-49.119913	0.000000	
79.200000	42.685019	-49.164870	0.000000	
79.250000	42.710745	-49.209856	0.000000	
79.300000	42.736436	-49.254876	0.000000	
79.350000	42.762093	-49.299932	0.000000	
79.400000	42.787711	-49.345024	0.000000	
79.450000	42.813317	-49.390128	0.000000	
79.500000	42.838890	-49.435265	0.000000	
79.550000	42.864397	-49.480466	0.000000	
79.600000	42.889826	-49.525740	0.000000	
79.650000	42.915190	-49.571074	0.000000	
79.700000	42.940502	-49.616456	0.000000	
79.750000	42.965754	-49.661892	0.000000	
79.800000	42.990949	-49.707379	0.000000	
79.850000	43.016095	-49.752912	0.000000	
79.900000	43.041195	-49.798486	0.000000	
79.950000	43.066229	-49.844119	0.000000	
80.000000	43.091185	-49.889823	0.000000	
80.050000	43.116066	-49.935594	0.000000	
80.100000	43.140841	-49.981460	0.000000	
80.150000	43.165528	-50.027404	0.000000	
80.200000	43.190143	-50.073412	0.000000	
80.250000	43.214697	-50.119474	0.000000	
80.300000	43.239181	-50.165602	0.000000	
80.350000	43.263582	-50.211803	0.000000	
80.400000	43.287928	-50.258053	0.000000	
80.450000	43.312235	-50.304339	0.000000	
80.500000	43.336493	-50.350670	0.000000	
80.550000	43.360726	-50.397022	0.000000	
80.600000	43.384934	-50.443398	0.000000	
80.650000	43.409121	-50.489791	0.000000	
80.700000	43.433297	-50.536193	0.000000	
80.750000	43.457450	-50.582614	0.000000	
80.800000	43.481579	-50.629057	0.000000	
80.850000	43.505674	-50.675527	0.000000	
80.900000	43.529720	-50.722039	0.000000	
80.950000	43.553717	-50.768592	0.000000	
81.000000	43.577690	-50.815165	0.000000	
81.050000	43.601616	-50.861777	0.000000	
81.100000	43.625511	-50.908414	0.000000	
81.150000	43.649378	-50.955073	0.000000	
81.200000	43.673216	-51.001757	0.000000	
81.250000	43.697024	-51.048464	0.000000	
81.300000	43.720789	-51.095208	0.000000	
81.350000	43.744497	-51.141999	0.000000	
81.400000	43.768172	-51.188816	0.000000	
81.450000	43.791787	-51.235684	0.000000	
81.500000	43.815323	-51.282616	0.000000	
81.550000	43.838791	-51.329604	0.000000	
81.600000	43.862179	-51.376660	0.000000	
81.650000	43.885512	-51.423761	0.000000	
81.700000	43.908816	-51.470888	0.000000	
81.750000	43.932095	-51.518034	0.000000	
81.800000	43.955359	-51.565192	0.000000	
81.850000	43.978642	-51.612334	0.000000	
81.900000	44.001941	-51.659463	0.000000	
81.950000	44.025251	-51.706583	0.000000	
82.000000	44.048584	-51.753683	0.000000	
82.050000	44.071956	-51.800749	0.000000	
82.100000	44.095373	-51.847777	0.000000	
82.150000	44.118852	-51.894753	0.000000	
82.200000	44.142397	-51.941672	0.000000	
82.250000	44.166030	-51.988517	0.000000	
82.300000	44.189736	-52.035299	0.000000	
82.350000	44.213517	-52.082016	0.000000	
82.400000	44.237385	-52.128658	0.000000	
82.450000	44.261346	-52.175221	0.000000	
82.500000	44.285432	-52.221675	0.000000	
82.550000	44.309657	-52.268007	0.000000	
82.600000	44.334009	-52.314229	0.000000	
82.650000	44.358484	-52.360343	0.000000	
82.700000	44.383086	-52.406343	0.000000	
82.750000	44.407800	-52.452243	0.000000	
82.800000	44.432627	-52.498039	0.000000	
82.850000	44.457585	-52.543715	0.000000	
82.900000	44.482656	-52.589285	0.000000	
82.950000	44.507827	-52.634763	0.000000	
83.000000	44.533122	-52.680129	0.000000	
83.050000	44.558529	-52.725390	0.000000	
83.100000	44.584018	-52.770574	0.000000	
83.150000	44.609610	-52.815661	0.000000	
83.200000	44.635300	-52.860654	0.000000	
83.250000	44.661081	-52.905562	0.000000	
83.300000	44.686920	-52.950413	0.000000	
83.350000	44.712833	-52.995192	0.000000	
83.400000	44.738825	-53.039894	0.000000	
83.450000	44.764914	-53.084499	0.000000	
83.500000	44.791099	-53.129008	0.000000	
83.550000	44.817375	-53.173423	0.000000	
83.600000	44.843731	-53.217754	0.000000	
83.650000	44.870161	-53.262009	0.000000	
83.700000	44.896654	-53.306198	0.000000	
83.750000	44.923194	-53.350339	0.000000	
83.800000	44.949801	-53.394410	0.000000	
83.850000	44.976449	-53.438437	0.000000	
83.900000	45.003110	-53.482450	0.000000	
83.950000	45.029768	-53.526464	0.000000	
84.000000	45.056456	-53.570447	0.000000	
84.050000	45.083157	-53.614415	0.000000	
84.100000	45.109851	-53.658389	0.000000	
84.150000	45.136565	-53.702342	0.000000	
84.200000	45.163290	-53.746281	0.000000	
84.250000	45.190015	-53.790219	0.000000	
84.300000	45.216742	-53.834153	0.000000	
84.350000	45.243466	-53.878088	0.000000	
84.400000	45.270161	-53.922050	0.000000	
84.450000	45.296835	-53.966033	0.000000	
84.500000	45.323457	-54.010066	0.000000	
84.550000	45.350003	-54.054174	0.000000	
84.600000	45.376476	-54.098357	0.000000	
84.650000	45.402896	-54.142594	0.000000	
84.700000	45.429252	-54.186895	0.000000	
84.750000	45.455547	-54.231256	0.000000	
84.800000	45.481761	-54.275696	0.000000	
84.850000	45.507831	-54.320274	0.000000	
84.900000	45.533711	-54.365025	0.000000	
84.950000	45.559342	-54.409989	0.000000	
85.000000	45.584664	-54.455201	0.000000	
85.050000	45.609568	-54.500734	0.000000	
85.100000	45.633968	-54.546627	0.000000	
85.150000	45.657817	-54.592896	0.000000	
85.200000	45.681028	-54.639584	0.000000	
85.250000	45.703499	-54.686729	0.000000	
85.300000	45.725139	-54.734357	0.000000	
85.350000	45.745876	-54.782480	0.000000	
85.400000	45.765656	-54.831094	0.000000	
85.450000	45.784440	-54.880196	0.000000	
85.500000	45.802168	-54.929808	0.000000	
85.550000	45.818817	-54.979918	0.000000	
85.600000	45.834352	-55.030522	0.000000	
85.650000	45.848701	-55.081638	0.000000	
85.700000	45.861814	-55.133278	0.000000	
85.750000	45.873710	-55.185428	0.000000	
85.800000	45.884386	-55.238082	0.000000	
85.850000	45.893873	-55.291216	0.000000	
85.900000	45.902232	-55.344786	0.000000	
85.950000	45.909528	-55.398742	0.000000	
86.000000	45.915847	-55.453029	0.000000	
86.050000	45.921255	-55.507597	0.000000	
86.100000	45.925847	-55.562389	0.000000	
86.150000	45.929728	-55.617358	0.000000	
86.200000	45.932942	-55.672475	0.000000	
86.250000	45.935546	-55.727711	0.000000	
86.300000	45.937660	-55.783030	0.000000	
86.350000	45.939363	-55.838407	0.000000	
86.400000	45.940755	-55.893821	0.000000	
86.450000	45.941901	-55.949260	0.000000	
86.500000	45.942870	-56.004715	0.000000	
86.550000	45.943700	-56.060181	0.000000	
86.600000	45.944412	-56.115654	0.000000	
86.650000	45.945046	-56.171130	0.000000	
86.700000	45.945675	-56.226606	0.000000	
86.750000	45.946327	-56.282082	0.000000	
86.800000	45.946977	-56.337558	0.000000	
86.850000	45.947643	-56.393033	0.000000	
86.900000	45.948317	-56.448508	0.000000	
86.950000	45.948968	-56.503983	0.000000	
87.000000	45.949616	-56.559459	0.000000	
87.050000	45.950238	-56.614935	0.000000	
87.100000	45.950846	-56.670411	0.000000	
87.150000	45.951434	-56.725887	0.000000	
87.200000	45.951981	-56.781365	0.000000	
87.250000	45.952536	-56.836843	0.000000	
87.300000	45.953108	-56.892320	0.000000	
87.350000	45.953651	-56.947797	0.000000	
87.400000	45.954181	-57.003275	0.000000	
87.450000	45.954646	-57.058753	0.000000	
87.500000	45.955068	-57.114233	0.000000	
87.550000	45.955437	-57.169714	0.000000	
87.600000	45.955740	-57.225196	0.000000	
87.650000	45.955972	-57.280679	0.000000	
87.700000	45.956146	-57.336162	0.000000	
87.750000	45.956261	-57.391647	0.000000	
87.800000	45.956313	-57.447132	0.000000	
87.850000	45.956329	-57.502618	0.000000	
87.900000	45.956311	-57.558104	0.000000	
87.950000	45.956247	-57.613590	0.000000	
88.000000	45.956160	-57.669077	0.000000	
88.050000	45.956019	-57.724564	0.000000	
88.100000	45.955812	-57.780051	0.000000	
88.150000	45.955558	-57.835538	0.000000	
88.200000	45.955255	-57.891026	0.000000	
88.250000	45.954897	-57.946514	0.000000	
88.300000	45.954452	-58.002002	0.000000	
88.350000	45.953917	-58.057491	0.000000	
88.400000	45.953342	-58.112980	0.000000	
88.450000	45.952708	-58.168469	0.000000	
88.500000	45.952029	-58.223957	0.000000	
88.550000	45.951276	-58.279444	0.000000	
88.600000	45.950419	-58.334930	0.000000	
88.650000	45.949473	-58.390414	0.000000	
88.700000	45.948451	-58.445896	0.000000	
88.750000	45.947350	-58.501375	0.000000	
88.800000	45.946183	-58.556854	0.000000	
88.850000	45.944967	-58.612332	0.000000	
88.900000	45.943721	-58.667809	0.000000	
88.950000	45.942427	-58.723287	0.000000	
89.000000	45.941116	-58.778763	0.000000	
89.050000	45.939788	-58.834240	0.000000	
89.100000	45.938430	-58.889717	0.000000	
89.150000	45.937085	-58.945193	0.000000	
89.200000	45.935754	-59.000670	0.000000	
89.250000	45.934437	-59.056146	0.000000	
89.300000	45.933168	-59.111622	0.000000	
89.350000	45.931975	-59.167098	0.000000	
89.400000	45.930870	-59.222573	0.000000	
89.450000	45.929821	-59.278047	0.000000	
89.500000	45.928840	-59.333521	0.000000	
89.550000	45.927945	-59.388994	0.000000	
89.600000	45.927172	-59.444467	0.000000	
89.650000	45.926541	-59.499941	0.000000	
89.700000	45.926051	-59.555414	0.000000	
89.750000	45.925707	-59.610890	0.000000	
89.800000	45.925513	-59.666365	0.000000	
89.850000	45.925437	-59.721840	0.000000	
89.900000	45.925453	-59.777316	0.000000	
89.950000	45.925558	-59.832790	0.000000	
90.000000	45.925731	-59.888264	0.000000	
90.050000	45.925953	-59.943738	0.000000	
90.100000	45.926210	-59.999212	0.000000	
90.150000	45.926519	-60.054686	0.000000	
90.200000	45.926881	-60.110159	0.000000	
90.250000	45.927263	-60.165632	0.000000	
90.300000	45.927646	-60.221105	0.000000	
90.350000	45.927990	-60.276578	0.000000	
90.400000	45.928282	-60.332051	0.000000	
90.450000	45.928529	-60.387526	0.000000	
90.500000	45.928746	-60.443001	0.000000	
90.550000	45.928931	-60.498476	0.000000	
90.600000	45.929080	-60.553952	0.000000	
90.650000	45.929200	-60.609428	0.000000	
90.700000	45.929314	-60.664905	0.000000	
90.750000	45.929408	-60.720382	0.000000	
90.800000	45.929482	-60.775860	0.000000	
90.850000	45.929503	-60.831339	0.000000	
90.900000	45.929496	-60.886818	0.000000	
90.950000	45.929455	-60.942298	0.000000	
91.000000	45.929346	-60.997780	0.000000	
91.050000	45.929173	-61.053261	0.000000	
91.100000	45.928921	-61.108741	0.000000	
91.150000	45.928615	-61.164222	0.000000	
91.200000	45.928275	-61.219703	0.000000	
91.250000	45.927884	-61.275184	0.000000	
91.300000	45.927475	-61.330665	0.000000	
91.350000	45.927072	-61.386147	0.000000	
91.400000	45.926719	-61.441627	0.000000	
91.450000	45.926422	-61.497107	0.000000	
91.500000	45.926166	-61.552586	0.000000	
91.550000	45.925922	-61.608065	0.000000	
91.600000	45.925689	-61.663543	0.000000	
91.650000	45.925477	-61.719021	0.000000	
91.700000	45.925243	-61.774499	0.000000	
91.750000	45.924972	-61.829978	0.000000	
91.800000	45.924697	-61.885457	0.000000	
91.850000	45.924416	-61.940937	0.000000	
91.900000	45.924131	-61.996416	0.000000	
91.950000	45.923838	-62.051895	0.000000	
92.000000	45.923555	-62.107374	0.000000	
92.050000	45.923269	-62.162853	0.000000	
92.100000	45.923020	-62.218332	0.000000	
92.150000	45.922855	-62.273811	0.000000	
92.200000	45.922773	-62.329289	0.000000	
92.250000	45.922759	-62.384766	0.000000	
92.300000	45.922795	-62.440243	0.000000	
92.350000	45.922858	-62.495719	0.000000	
92.400000	45.922971	-62.551194	0.000000	
92.450000	45.923094	-62.606668	0.000000	
92.500000	45.923230	-62.662142	0.000000	
92.550000	45.923381	-62.717615	0.000000	
92.600000	45.923561	-62.773087	0.000000	
92.650000	45.923768	-62.828558	0.000000	
92.700000	45.923985	-62.884029	0.000000	
92.750000	45.924251	-62.939499	0.000000	
92.800000	45.924567	-62.994967	0.000000	
92.850000	45.924921	-63.050433	0.000000	
92.900000	45.925318	-63.105898	0.000000	
92.950000	45.925761	-63.161362	0.000000	
93.000000	45.926241	-63.216825	0.000000	
93.050000	45.926784	-63.272285	0.000000	
93.100000	45.927396	-63.327745	0.000000	
93.150000	45.928045	-63.383203	0.000000	
93.200000	45.928715	-63.438661	0.000000	
93.250000	45.929386	-63.494119	0.000000	
93.300000	45.930073	-63.549576	0.000000	
93.350000	45.930791	-63.605032	0.000000	
93.400000	45.931529	-63.660487	0.000000	
93.450000	45.932273	-63.715941	0.000000	
93.500000	45.933046	-63.771395	0.000000	
93.550000	45.933815	-63.826848	0.000000	
93.600000	45.934580	-63.882301	0.000000	
93.650000	45.935361	-63.937754	0.000000	
93.700000	45.936191	-63.993204	0.000000	
93.750000	45.937053	-64.048653	0.000000	
93.800000	45.937905	-64.104103	0.000000	
93.850000	45.938750	-64.159552	0.000000	
93.900000	45.939594	-64.215001	0.000000	
93.950000	45.940464	-64.270449	0.000000	
94.000000	45.941370	-64.325895	0.000000	
94.050000	45.942322	-64.381338	0.000000	
94.100000	45.943298	-64.436780	0.000000	
94.150000	45.944318	-64.492219	0.000000	
94.200000	45.945380	-64.547656	0.000000	
94.250000	45.946473	-64.603092	0.000000	
94.300000	45.947615	-64.658525	0.000000	
94.350000	45.948777	-64.713957	0.000000	
94.400000	45.949969	-64.769387	0.000000	
94.450000	45.951190	-64.824816	0.000000	
94.500000	45.952407	-64.880244	0.000000	
94.550000	45.953566	-64.935674	0.000000	
94.600000	45.954644	-64.991106	0.000000	
94.650000	45.955587	-65.046538	0.000000	
94.700000	45.956303	-65.101966	0.000000	
94.750000	45.956711	-65.157386	0.000000	
94.800000	45.956728	-65.212781	0.000000	
94.850000	45.956286	-65.268134	0.000000	
94.900000	45.955259	-65.323415	0.000000	
94.950000	45.953531	-65.378589	0.000000	
95.000000	45.951016	-65.433632	0.000000	
95.050000	45.947644	-65.488514	0.000000	
95.100000	45.943333	-65.543200	0.000000	
95.150000	45.938038	-65.597665	0.000000	
95.200000	45.931709	-65.651880	0.000000	
95.250000	45.924322	-65.705819	0.000000	
95.300000	45.915857	-65.759466	0.000000	
95.350000	45.906257	-65.812799	0.000000	
95.400000	45.895540	-65.865817	0.000000	
95.450000	45.883682	-65.918515	0.000000	
95.500000	45.870671	-65.970873	0.000000	
95.550000	45.856511	-66.022875	0.000000	
95.600000	45.841233	-66.074510	0.000000	
95.650000	45.824894	-66.125792	0.000000	
95.700000	45.807536	-66.176712	0.000000	
95.750000	45.789254	-66.227287	0.000000	
95.800000	45.770122	-66.277533	0.000000	
95.850000	45.750255	-66.327473	0.000000	
95.900000	45.729757	-66.377136	0.000000	
95.950000	45.708738	-66.426548	0.000000	
96.000000	45.687302	-66.475743	0.000000	
96.050000	45.665530	-66.524757	0.000000	
96.100000	45.643501	-66.573628	0.000000	
96.150000	45.621302	-66.622400	0.000000	
96.200000	45.598993	-66.671106	0.000000	
96.250000	45.576647	-66.719791	0.000000	
96.300000	45.554302	-66.768479	0.000000	
96.350000	45.532001	-66.817196	0.000000	
96.400000	45.509775	-66.865963	0.000000	
96.450000	45.487641	-66.914791	0.000000	
96.500000	45.465622	-66.963695	0.000000	
96.550000	45.443739	-67.012689	0.000000	
96.600000	45.422001	-67.061783	0.000000	
96.650000	45.400404	-67.110975	0.000000	
96.700000	45.378942	-67.160261	0.000000	
96.750000	45.357637	-67.209653	0.000000	
96.800000	45.336494	-67.259153	0.000000	
96.850000	45.315501	-67.308752	0.000000	
96.900000	45.294659	-67.358449	0.000000	
96.950000	45.273950	-67.408231	0.000000	
97.000000	45.253364	-67.458093	0.000000	
97.050000	45.232885	-67.508026	0.000000	
97.100000	45.212483	-67.558011	0.000000	
97.150000	45.192150	-67.608041	0.000000	
97.200000	45.171856	-67.658097	0.000000	
97.250000	45.151589	-67.708172	0.000000	
97.300000	45.131334	-67.758256	0.000000	
97.350000	45.111080	-67.808341	0.000000	
97.400000	45.090817	-67.858423	0.000000	
97.450000	45.070571	-67.908516	0.000000	
97.500000	45.050342	-67.958621	0.000000	
97.550000	45.030127	-68.008734	0.000000	
97.600000	45.009917	-68.058852	0.000000	
97.650000	44.989742	-68.108991	0.000000	
97.700000	44.969618	-68.159162	0.000000	
97.750000	44.949529	-68.209354	0.000000	
97.800000	44.929466	-68.259563	0.000000	
97.850000	44.909414	-68.309779	0.000000	
97.900000	44.889355	-68.359992	0.000000	
97.950000	44.869269	-68.410190	0.000000	
98.000000	44.849160	-68.460375	0.000000	
98.050000	44.829027	-68.510548	0.000000	
98.100000	44.808907	-68.560728	0.000000	
98.150000	44.788798	-68.610916	0.000000	
98.200000	44.768680	-68.661099	0.000000	
98.250000	44.748577	-68.711292	0.000000	
98.300000	44.728489	-68.761495	0.000000	
98.350000	44.708416	-68.811708	0.000000	
98.400000	44.688365	-68.861934	0.000000	
98.450000	44.668340	-68.912177	0.000000	
98.500000	44.648324	-68.962426	0.000000	
98.550000	44.628282	-69.012660	0.000000	
98.600000	44.608214	-69.062878	0.000000	
98.650000	44.588115	-69.113079	0.000000	
98.700000	44.567961	-69.163247	0.000000	
98.750000	44.547744	-69.213378	0.000000	
98.800000	44.527481	-69.263482	0.000000	
98.850000	44.507156	-69.313549	0.000000	
98.900000	44.486744	-69.363565	0.000000	
98.950000	44.466260	-69.413536	0.000000	
99.000000	44.445709	-69.463466	0.000000	
99.050000	44.425086	-69.513352	0.000000	
99.100000	44.404406	-69.563203	0.000000	
99.150000	44.383671	-69.613020	0.000000	
99.200000	44.362895	-69.662813	0.000000	
99.250000	44.342080	-69.712581	0.000000	
99.300000	44.321240	-69.762335	0.000000	
99.350000	44.300382	-69.812077	0.000000	
99.400000	44.279503	-69.861808	0.000000	
99.450000	44.258594	-69.911519	0.000000	
99.500000	44.237622	-69.961192	0.000000	
99.550000	44.216573	-70.010817	0.000000	
99.600000	44.195476	-70.060413	0.000000	
99.650000	44.174311	-70.109965	0.000000	
99.700000	44.153099	-70.159489	0.000000	
99.750000	44.131837	-70.208980	0.000000	
99.800000	44.110536	-70.258447	0.000000	
99.850000	44.089174	-70.307875	0.000000	
99.900000	44.067754	-70.357264	0.000000	
99.950000	44.046284	-70.406620	0.000000	
100.000000	44.024768	-70.455945	0.000000	
100.050000	44.003198	-70.505235	0.000000	
100.100000	43.981566	-70.554482	0.000000	
100.150000	43.959862	-70.603680	0.000000	
100.200000	43.938085	-70.652830	0.000000	
100.250000	43.916238	-70.701933	0.000000	
100.300000	43.894342	-70.751002	0.000000	
100.350000	43.872372	-70.800023	0.000000	
100.400000	43.850326	-70.848994	0.000000	
100.450000	43.828189	-70.897905	0.000000	
100.500000	43.805995	-70.946778	0.000000	
100.550000	43.783752	-70.995619	0.000000	
100.600000	43.761462	-71.044429	0.000000	
100.650000	43.739127	-71.093209	0.000000	
100.700000	43.716777	-71.141979	0.000000	
100.750000	43.694417	-71.190743	0.000000	
100.800000	43.672041	-71.239497	0.000000	
100.850000	43.649630	-71.288227	0.000000	
100.900000	43.627181	-71.336932	0.000000	
100.950000	43.604715	-71.385626	0.000000	
101.000000	43.582233	-71.434309	0.000000	
101.050000	43.559724	-71.482974	0.000000	
101.100000	43.537202	-71.531630	0.000000	
101.150000	43.514674	-71.580282	0.000000	
101.200000	43.492138	-71.628928	0.000000	
101.250000	43.469555	-71.677541	0.000000	
101.300000	43.446933	-71.726125	0.000000	
101.350000	43.424259	-71.774672	0.000000	
101.400000	43.401549	-71.823193	0.000000	
101.450000	43.378797	-71.871685	0.000000	
101.500000	43.356028	-71.920163	0.000000	
101.550000	43.333214	-71.968610	0.000000	
101.600000	43.310356	-72.017026	0.000000	
101.650000	43.287441	-72.065400	0.000000	
101.700000	43.264476	-72.113738	0.000000	
101.750000	43.241447	-72.162031	0.000000	
101.800000	43.218326	-72.210259	0.000000	
101.850000	43.195137	-72.258438	0.000000	
101.900000	43.171891	-72.306577	0.000000	
101.950000	43.148619	-72.354697	0.000000	
102.000000	43.125316	-72.402796	0.000000	
102.050000	43.102003	-72.450889	0.000000	
102.100000	43.078704	-72.498992	0.000000	
102.150000	43.055410	-72.547100	0.000000	
102.200000	43.032128	-72.595217	0.000000	
102.250000	43.008854	-72.643342	0.000000	
102.300000	42.985591	-72.691476	0.000000	
102.350000	42.962337	-72.739618	0.000000	
102.400000	42.939087	-72.787763	0.000000	
102.450000	42.915827	-72.835902	0.000000	
102.500000	42.892564	-72.884040	0.000000	
102.550000	42.869308	-72.932184	0.000000	
102.600000	42.846069	-72.980340	0.000000	
102.650000	42.822874	-73.028530	0.000000	
102.700000	42.799732	-73.076759	0.000000	
102.750000	42.776595	-73.124993	0.000000	
102.800000	42.753457	-73.173226	0.000000	
102.850000	42.730294	-73.221441	0.000000	
102.900000	42.707065	-73.269605	0.000000	
102.950000	42.683730	-73.317684	0.000000	
103.000000	42.660243	-73.365636	0.000000	
103.050000	42.636577	-73.413440	0.000000	
103.100000	42.612687	-73.461053	0.000000	
103.150000	42.588528	-73.508434	0.000000	
103.200000	42.564068	-73.555547	0.000000	
103.250000	42.539271	-73.602350	0.000000	
103.300000	42.514101	-73.648790	0.000000	
103.350000	42.488551	-73.694847	0.000000	
103.400000	42.462572	-73.740455	0.000000	
103.450000	42.436167	-73.785608	0.000000	
103.500000	42.409316	-73.830274	0.000000	
103.550000	42.381996	-73.874423	0.000000	
103.600000	42.354183	-73.918035	0.000000	
103.650000	42.325872	-73.961103	0.000000	
103.700000	42.297023	-74.003577	0.000000	
103.750000	42.267631	-74.045434	0.000000	
103.800000	42.237712	-74.086672	0.000000	
103.850000	42.207259	-74.127270	0.000000	
103.900000	42.176310	-74.167258	0.000000	
103.950000	42.144903	-74.206673	0.000000	
104.000000	42.113077	-74.245538	0.000000	
104.050000	42.080872	-74.283904	0.000000	
104.100000	42.048305	-74.321781	0.000000	
104.150000	42.015418	-74.359215	0.000000	
104.200000	41.982235	-74.396232	0.000000	
104.250000	41.948795	-74.432872	0.000000	
104.300000	41.915125	-74.469162	0.000000	
104.350000	41.881267	-74.505149	0.000000	
104.400000	41.847251	-74.540874	0.000000	
104.450000	41.813118	-74.576394	0.000000	
104.500000	41.778875	-74.611721	0.000000	
104.550000	41.744548	-74.646897	0.000000	
104.600000	41.710149	-74.681941	0.000000	
104.650000	41.675686	-74.716865	0.000000	
104.700000	41.641165	-74.751685	0.000000	
104.750000	41.606604	-74.786428	0.000000	
104.800000	41.572011	-74.821106	0.000000	
104.850000	41.537403	-74.855755	0.000000	
104.900000	41.502796	-74.890404	0.000000	
104.950000	41.468184	-74.925043	0.000000	
105.000000	41.433557	-74.959649	0.000000	
105.050000	41.398926	-74.994248	0.000000	
105.100000	41.364289	-75.028833	0.000000	
105.150000	41.329643	-75.063401	0.000000	
105.200000	41.294984	-75.097943	0.000000	
105.250000	41.260321	-75.132476	0.000000	
105.300000	41.225642	-75.166977	0.000000	
105.350000	41.190964	-75.201479	0.000000	
105.400000	41.156291	-75.235990	0.000000	
105.450000	41.121610	-75.270487	0.000000	
105.500000	41.086932	-75.304989	0.000000	
105.550000	41.052270	-75.339523	0.000000	
105.600000	41.017624	-75.374090	0.000000	
105.650000	40.982987	-75.408675	0.000000	
105.700000	40.948366	-75.443293	0.000000	
105.750000	40.913751	-75.477921	0.000000	
105.800000	40.879155	-75.512587	0.000000	
105.850000	40.844588	-75.547313	0.000000	
105.900000	40.810043	-75.582083	0.000000	
105.950000	40.775526	-75.616907	0.000000	
106.000000	40.741044	-75.651800	0.000000	
106.050000	40.706606	-75.686781	0.000000	
106.100000	40.672219	-75.721858	0.000000	
106.150000	40.637876	-75.757019	0.000000	
106.200000	40.603591	-75.792288	0.000000	
106.250000	40.569356	-75.827650	0.000000	
106.300000	40.535153	-75.863075	0.000000	
106.350000	40.500997	-75.898590	0.000000	
106.400000	40.466869	-75.934159	0.000000	
106.450000	40.432769	-75.969783	0.000000	
106.500000	40.398694	-76.005459	0.000000	
106.550000	40.364640	-76.041176	0.000000	
106.600000	40.330596	-76.076912	0.000000	
106.650000	40.296551	-76.112646	0.000000	
106.700000	40.262518	-76.148405	0.000000	
106.750000	40.228498	-76.184189	0.000000	
106.800000	40.194500	-76.220014	0.000000	
106.850000	40.160528	-76.255887	0.000000	
106.900000	40.126570	-76.291787	0.000000	
106.950000	40.092642	-76.327741	0.000000	
107.000000	40.058740	-76.363742	0.000000	
107.050000	40.024861	-76.399784	0.000000	
107.100000	39.991004	-76.435867	0.000000	
107.150000	39.957161	-76.471974	0.000000	
107.200000	39.923324	-76.508091	0.000000	
107.250000	39.889477	-76.544193	0.000000	
107.300000	39.855644	-76.580318	0.000000	
107.350000	39.821837	-76.616490	0.000000	
107.400000	39.788042	-76.652684	0.000000	
107.450000	39.754270	-76.688919	0.000000	
107.500000	39.720517	-76.725191	0.000000	
107.550000	39.686794	-76.761516	0.000000	
107.600000	39.653103	-76.797901	0.000000	
107.650000	39.619441	-76.834340	0.000000	
107.700000	39.585811	-76.870838	0.000000	
107.750000	39.552202	-76.907378	0.000000	
107.800000	39.518595	-76.943921	0.000000	
107.850000	39.484981	-76.980453	0.000000	
107.900000	39.451339	-77.016935	0.000000	
107.950000	39.417677	-77.053379	0.000000	
108.000000	39.383977	-77.089757	0.000000	
108.050000	39.350234	-77.126054	0.000000	
108.100000	39.316436	-77.162252	0.000000	
108.150000	39.282581	-77.198343	0.000000	
108.200000	39.248673	-77.234337	0.000000	
108.250000	39.214726	-77.270261	0.000000	
108.300000	39.180748	-77.306129	0.000000	
108.350000	39.146735	-77.341935	0.000000	
108.400000	39.112680	-77.377667	0.000000	
108.450000	39.078591	-77.413337	0.000000	
108.500000	39.044478	-77.448962	0.000000	
108.550000	39.010336	-77.484537	0.000000	
108.600000	38.976178	-77.520082	0.000000	
108.650000	38.941986	-77.555565	0.000000	
108.700000	38.907757	-77.590980	0.000000	
108.750000	38.873501	-77.626346	0.000000	
108.800000	38.839213	-77.661654	0.000000	
108.850000	38.804913	-77.696939	0.000000	
108.900000	38.770602	-77.732203	0.000000	
108.950000	38.736286	-77.767458	0.000000	
109.000000	38.701957	-77.802688	0.000000	
109.050000	38.667621	-77.837903	0.000000	
109.100000	38.633288	-77.873126	0.000000	
109.150000	38.598961	-77.908361	0.000000	
109.200000	38.564634	-77.943596	0.000000	
109.250000	38.530288	-77.978795	0.000000	
109.300000	38.495912	-78.013932	0.000000	
109.350000	38.461505	-78.049005	0.000000	
109.400000	38.427061	-78.084008	0.000000	
109.450000	38.392581	-78.118937	0.000000	
109.500000	38.358051	-78.153764	0.000000	
109.550000	38.323459	-78.188465	0.000000	
109.600000	38.288804	-78.223031	0.000000	
109.650000	38.254053	-78.257389	0.000000	
109.700000	38.219201	-78.291518	0.000000	
109.750000	38.184238	-78.325379	0.000000	
109.800000	38.149145	-78.358917	0.000000	
109.850000	38.113918	-78.392110	0.000000	
109.900000	38.078541	-78.424915	0.000000	
109.950000	38.043013	-78.457308	0.000000	
110.000000	38.007325	-78.489252	0.000000	
110.050000	37.971477	-78.520716	0.000000	
110.100000	37.935459	-78.551644	0.000000	
110.150000	37.899256	-78.581969	0.000000	
110.200000	37.862871	-78.611680	0.000000	
110.250000	37.826310	-78.640766	0.000000	
110.300000	37.789581	-78.669216	0.000000	
110.350000	37.752688	-78.697026	0.000000	
110.400000	37.715630	-78.724173	0.000000	
110.450000	37.678400	-78.750651	0.000000	
110.500000	37.641001	-78.776441	0.000000	
110.550000	37.603450	-78.801600	0.000000	
110.600000	37.565751	-78.826125	0.000000	
110.650000	37.527911	-78.850027	0.000000	
110.700000	37.489954	-78.873347	0.000000	
110.750000	37.451895	-78.896124	0.000000	
110.800000	37.413751	-78.918417	0.000000	
110.850000	37.375535	-78.940266	0.000000	
110.900000	37.337258	-78.961688	0.000000	
110.950000	37.298927	-78.982732	0.000000	
111.000000	37.260549	-79.003416	0.000000	
111.050000	37.222135	-79.023802	0.000000	
111.100000	37.183694	-79.043950	0.000000	
111.150000	37.145236	-79.063914	0.000000	
111.200000	37.106768	-79.083752	0.000000	
111.250000	37.068290	-79.103471	0.000000	
111.300000	37.029808	-79.123093	0.000000	
111.350000	36.991322	-79.142653	0.000000	
111.400000	36.952833	-79.162154	0.000000	
111.450000	36.914344	-79.181633	0.000000	
111.500000	36.875854	-79.201081	0.000000	
111.550000	36.837364	-79.220525	0.000000	
111.600000	36.798874	-79.239968	0.000000	
111.650000	36.760386	-79.259425	0.000000	
111.700000	36.721900	-79.278923	0.000000	
111.750000	36.683420	-79.298503	0.000000	
111.800000	36.644943	-79.318150	0.000000	
111.850000	36.606469	-79.337837	0.000000	
111.900000	36.567999	-79.357583	0.000000	
111.950000	36.529534	-79.377428	0.000000	
112.000000	36.491075	-79.397370	0.000000	
112.050000	36.452623	-79.417414	0.000000	
112.100000	36.414177	-79.437546	0.000000	
112.150000	36.375738	-79.457760	0.000000	
112.200000	36.337303	-79.478034	0.000000	
112.250000	36.298874	-79.498374	0.000000	
112.300000	36.260450	-79.518797	0.000000	
112.350000	36.222032	-79.539297	0.000000	
112.400000	36.183618	-79.559856	0.000000	
112.450000	36.145211	-79.580510	0.000000	
112.500000	36.107290	-79.592278	0.000000	
112.550000	36.069376	-79.604154	0.000000	
112.600000	36.031467	-79.616116	0.000000	
112.650000	35.993561	-79.628117	0.000000	
112.700000	35.955657	-79.640169	0.000000	
112.750000	35.917758	-79.652276	0.000000	
112.800000	35.879863	-79.664439	0.000000	
112.850000	35.841974	-79.676677	0.000000	
112.900000	35.804095	-79.689029	0.000000	
112.950000	35.766227	-79.701504	0.000000	
113.000000	35.728372	-79.714092	0.000000	
113.050000	35.690526	-79.726774	0.000000	
113.100000	35.652690	-79.739543	0.000000	
113.150000	35.614862	-79.752401	0.000000	
113.200000	35.577046	-79.765358	0.000000	
113.250000	35.539245	-79.778449	0.000000	
113.300000	35.501462	-79.791684	0.000000	
113.350000	35.463694	-79.805051	0.000000	
113.400000	35.425943	-79.818564	0.000000	
113.450000	35.388215	-79.832260	0.000000	
113.500000	35.350503	-79.846096	0.000000	
113.550000	35.312806	-79.860047	0.000000	
113.600000	35.275124	-79.874116	0.000000	
113.650000	35.237456	-79.888310	0.000000	
113.700000	35.199802	-79.902630	0.000000	
113.750000	35.162158	-79.917046	0.000000	
113.800000	35.124520	-79.931523	0.000000	
113.850000	35.086886	-79.946033	0.000000	
113.900000	35.049252	-79.960551	0.000000	
113.950000	35.011617	-79.975061	0.000000	
114.000000	34.973977	-79.989539	0.000000	
114.050000	34.936329	-80.003956	0.000000	
114.100000	34.898675	-80.018324	0.000000	
114.150000	34.861018	-80.032670	0.000000	
114.200000	34.823357	-80.046985	0.000000	
114.250000	34.785687	-80.061233	0.000000	
114.300000	34.748005	-80.075397	0.000000	
114.350000	34.710307	-80.089442	0.000000	
114.400000	34.672596	-80.103399	0.000000	
114.450000	34.634870	-80.117245	0.000000	
114.500000	34.597125	-80.130959	0.000000	
114.550000	34.559363	-80.144546	0.000000	
114.600000	34.521583	-80.157976	0.000000	
114.650000	34.483781	-80.171229	0.000000	
114.700000	34.445958	-80.184264	0.000000	
114.750000	34.408115	-80.197061	0.000000	
114.800000	34.370255	-80.209606	0.000000	
114.850000	34.332380	-80.221883	0.000000	
114.900000	34.294492	-80.233836	0.000000	
114.950000	34.256599	-80.245417	0.000000	
115.000000	34.218706	-80.256585	0.000000	
115.050000	34.180818	-80.267282	0.000000	
115.100000	34.142941	-80.277510	0.000000	
115.150000	34.105085	-80.287191	0.000000	
115.200000	34.067256	-80.296277	0.000000	
115.250000	34.029461	-80.304739	0.000000	
115.300000	33.991712	-80.312558	0.000000	
115.350000	33.954008	-80.319736	0.000000	
115.400000	33.916351	-80.326292	0.000000	
115.450000	33.878745	-80.332177	0.000000	
115.500000	33.841192	-80.337417	0.000000	
115.550000	33.803697	-80.341990	0.000000	
115.600000	33.766257	-80.345926	0.000000	
115.650000	33.728879	-80.349246	0.000000	
115.700000	33.691564	-80.351966	0.000000	
115.750000	33.654318	-80.354125	0.000000	
115.800000	33.617141	-80.355767	0.000000	
115.850000	33.580041	-80.356900	0.000000	
115.900000	33.543019	-80.357549	0.000000	
115.950000	33.506071	-80.357772	0.000000	
116.000000	33.469198	-80.357630	0.000000	
116.050000	33.432387	-80.357183	0.000000	
116.100000	33.395632	-80.356485	0.000000	
116.150000	33.358937	-80.355534	0.000000	
116.200000	33.322292	-80.354387	0.000000	
116.250000	33.285688	-80.353082	0.000000	
116.300000	33.249118	-80.351659	0.000000	
116.350000	33.212573	-80.350149	0.000000	
116.400000	33.176058	-80.348538	0.000000	
116.450000	33.139567	-80.346838	0.000000	
116.500000	33.103099	-80.345064	0.000000	
116.550000	33.066664	-80.343184	0.000000	
116.600000	33.030251	-80.341230	0.000000	
116.650000	32.993859	-80.339207	0.000000	
116.700000	32.957489	-80.337112	0.000000	
116.750000	32.921144	-80.334936	0.000000	
116.800000	32.884813	-80.332715	0.000000	
116.850000	32.848498	-80.330445	0.000000	
116.900000	32.812195	-80.328135	0.000000	
116.950000	32.775901	-80.325804	0.000000	
117.000000	32.739617	-80.323439	0.000000	
117.050000	32.703336	-80.321071	0.000000	
117.100000	32.667072	-80.318652	0.000000	
117.150000	32.630818	-80.316202	0.000000	
117.200000	32.594564	-80.313758	0.000000	
117.250000	32.558303	-80.311339	0.000000	
117.300000	32.522041	-80.308926	0.000000	
117.350000	32.485779	-80.306516	0.000000	
117.400000	32.449519	-80.304106	0.000000	
117.450000	32.413255	-80.301713	0.000000	
117.500000	32.376994	-80.299314	0.000000	
117.550000	32.340725	-80.296946	0.000000	
117.600000	32.304444	-80.294619	0.000000	
117.650000	32.268148	-80.292345	0.000000	
117.700000	32.231849	-80.290082	0.000000	
117.750000	32.195544	-80.287847	0.000000	
117.800000	32.159225	-80.285660	0.000000	
117.850000	32.122900	-80.283497	0.000000	
117.900000	32.086561	-80.281386	0.000000	
117.950000	32.050208	-80.279323	0.000000	
118.000000	32.013850	-80.277279	0.000000	
118.050000	31.977485	-80.275260	0.000000	
118.100000	31.941126	-80.273228	0.000000	
118.150000	31.904763	-80.271215	0.000000	
118.200000	31.868403	-80.269195	0.000000	
118.250000	31.832048	-80.267166	0.000000	
118.300000	31.795698	-80.265126	0.000000	
118.350000	31.759354	-80.263071	0.000000	
118.400000	31.723020	-80.260991	0.000000	
118.450000	31.686689	-80.258904	0.000000	
118.500000	31.650360	-80.256818	0.000000	
118.550000	31.614030	-80.254741	0.000000	
118.600000	31.577700	-80.252666	0.000000	
118.650000	31.541373	-80.250588	0.000000	
118.700000	31.505049	-80.248506	0.000000	
118.750000	31.468724	-80.246430	0.000000	
118.800000	31.432404	-80.244345	0.000000	
118.850000	31.396087	-80.242259	0.000000	
118.900000	31.359777	-80.240152	0.000000	
118.950000	31.323488	-80.237982	0.000000	
119.000000	31.287216	-80.235763	0.000000	
119.050000	31.250950	-80.233530	0.000000	
119.100000	31.214683	-80.231300	0.000000	
119.150000	31.178407	-80.229104	0.000000	
119.200000	31.142127	-80.226924	0.000000	
119.250000	31.105847	-80.224749	0.000000	
119.300000	31.069564	-80.222588	0.000000	
119.350000	31.033276	-80.220447	0.000000	
119.400000	30.996974	-80.218359	0.000000	
119.450000	30.960651	-80.216342	0.000000	
119.500000	30.942263	-80.219795	0.000000	
119.550000	30.923875	-80.223252	0.000000	
119.600000	30.905489	-80.226706	0.000000	
119.650000	30.887109	-80.230143	0.000000	
119.700000	30.868729	-80.233586	0.000000	
119.750000	30.850358	-80.237005	0.000000	
119.800000	30.831991	-80.240410	0.000000	
119.850000	30.813623	-80.243823	0.000000	
119.900000	30.795264	-80.247208	0.000000	
119.950000	30.776904	-80.250599	0.000000	
