0.000000	-32.577752	-18.790650	0.000000	
0.050000	-32.583334	-18.774639	0.000000	
0.100000	-32.588901	-18.758622	0.000000	
0.150000	-32.594481	-18.742610	0.000000	
0.200000	-32.600054	-18.726595	0.000000	
0.250000	-32.605622	-18.710578	0.000000	
0.300000	-32.611176	-18.694556	0.000000	
0.350000	-32.616708	-18.678529	0.000000	
0.400000	-32.622220	-18.662495	0.000000	
0.450000	-32.627721	-18.646458	0.000000	
0.500000	-32.633216	-18.630419	0.000000	
0.550000	-32.642320	-18.602414	0.000000	
0.600000	-32.651375	-18.574395	0.000000	
0.650000	-32.660400	-18.546366	0.000000	
0.700000	-32.669382	-18.518324	0.000000	
0.750000	-32.678334	-18.490273	0.000000	
0.800000	-32.687262	-18.462214	0.000000	
0.850000	-32.696187	-18.434154	0.000000	
0.900000	-32.705119	-18.406096	0.000000	
0.950000	-32.714071	-18.378045	0.000000	
1.000000	-32.723073	-18.350007	0.000000	
1.050000	-32.732107	-18.321980	0.000000	
1.100000	-32.741178	-18.293964	0.000000	
1.150000	-32.750275	-18.265956	0.000000	
1.200000	-32.759365	-18.237945	0.000000	
1.250000	-32.768450	-18.209933	0.000000	
1.300000	-32.777514	-18.181915	0.000000	
1.350000	-32.786561	-18.153892	0.000000	
1.400000	-32.795607	-18.125869	0.000000	
1.450000	-32.804659	-18.097848	0.000000	
1.500000	-32.813703	-18.069824	0.000000	
1.550000	-32.822744	-18.041799	0.000000	
1.600000	-32.831813	-18.013782	0.000000	
1.650000	-32.840907	-17.985773	0.000000	
1.700000	-32.850013	-17.957766	0.000000	
1.750000	-32.859138	-17.929765	0.000000	
1.800000	-32.868274	-17.901767	0.000000	
1.850000	-32.877413	-17.873771	0.000000	
1.900000	-32.886529	-17.845766	0.000000	
1.950000	-32.895629	-17.817758	0.000000	
2.000000	-32.904719	-17.789746	0.000000	
2.050000	-32.913791	-17.761728	0.000000	
2.100000	-32.922870	-17.733712	0.000000	
2.150000	-32.931951	-17.705697	0.000000	
2.200000	-32.941065	-17.677692	0.000000	
2.250000	-32.950230	-17.649704	0.000000	
2.300000	-32.959442	-17.621731	0.000000	
2.350000	-32.968704	-17.593772	0.000000	
2.400000	-32.978018	-17.565828	0.000000	
2.450000	-32.987384	-17.537901	0.000000	
2.500000	-32.996803	-17.509988	0.000000	
2.550000	-33.006289	-17.482097	0.000000	
2.600000	-33.015850	-17.454230	0.000000	
2.650000	-33.025467	-17.426381	0.000000	
2.700000	-33.035139	-17.398549	0.000000	
2.750000	-33.044882	-17.370742	0.000000	
2.800000	-33.054694	-17.342956	0.000000	
2.850000	-33.064562	-17.315190	0.000000	
2.900000	-33.074491	-17.287444	0.000000	
2.950000	-33.084485	-17.259718	0.000000	
3.000000	-33.094554	-17.232017	0.000000	
3.050000	-33.104694	-17.204339	0.000000	
3.100000	-33.114899	-17.176684	0.000000	
3.150000	-33.125168	-17.149051	0.000000	
3.200000	-33.135472	-17.121431	0.000000	
3.250000	-33.145797	-17.093818	0.000000	
3.300000	-33.156143	-17.066212	0.000000	
3.350000	-33.166516	-17.038616	0.000000	
3.400000	-33.176923	-17.011030	0.000000	
3.450000	-33.187373	-16.983460	0.000000	
3.500000	-33.197859	-16.955902	0.000000	
3.550000	-33.208369	-16.928353	0.000000	
3.600000	-33.218899	-16.900810	0.000000	
3.650000	-33.229436	-16.873270	0.000000	
3.700000	-33.239983	-16.845733	0.000000	
3.750000	-33.250548	-16.818203	0.000000	
3.800000	-33.261119	-16.790675	0.000000	
3.850000	-33.271699	-16.763150	0.000000	
3.900000	-33.282287	-16.735628	0.000000	
3.950000	-33.292893	-16.708112	0.000000	
4.000000	-33.303510	-16.680601	0.000000	
4.050000	-33.314119	-16.653087	0.000000	
4.100000	-33.324720	-16.625569	0.000000	
4.150000	-33.335316	-16.598050	0.000000	
4.200000	-33.345896	-16.570525	0.000000	
4.250000	-33.356487	-16.543003	0.000000	
4.300000	-33.367071	-16.515479	0.000000	
4.350000	-33.377635	-16.487948	0.000000	
4.400000	-33.388193	-16.460414	0.000000	
4.450000	-33.398755	-16.432882	0.000000	
4.500000	-33.409317	-16.405350	0.000000	
4.550000	-33.419883	-16.377819	0.000000	
4.600000	-33.430448	-16.350288	0.000000	
4.650000	-33.440996	-16.322750	0.000000	
4.700000	-33.451515	-16.295203	0.000000	
4.750000	-33.462003	-16.267644	0.000000	
4.800000	-33.472438	-16.240067	0.000000	
4.850000	-33.482810	-16.212468	0.000000	
4.900000	-33.493116	-16.184847	0.000000	
4.950000	-33.503372	-16.157208	0.000000	
5.000000	-33.513562	-16.129546	0.000000	
5.050000	-33.523688	-16.101863	0.000000	
5.100000	-33.533759	-16.074161	0.000000	
5.150000	-33.543787	-16.046445	0.000000	
5.200000	-33.553755	-16.018708	0.000000	
5.250000	-33.563663	-15.990950	0.000000	
5.300000	-33.573508	-15.963171	0.000000	
5.350000	-33.583323	-15.935381	0.000000	
5.400000	-33.593108	-15.907580	0.000000	
5.450000	-33.602876	-15.879774	0.000000	
5.500000	-33.612626	-15.851962	0.000000	
5.550000	-33.622344	-15.824138	0.000000	
5.600000	-33.632043	-15.796307	0.000000	
5.650000	-33.641736	-15.768474	0.000000	
5.700000	-33.651430	-15.740641	0.000000	
5.750000	-33.661127	-15.712810	0.000000	
5.800000	-33.670837	-15.684982	0.000000	
5.850000	-33.680577	-15.657165	0.000000	
5.900000	-33.690349	-15.629358	0.000000	
5.950000	-33.700168	-15.601567	0.000000	
6.000000	-33.710021	-15.573787	0.000000	
6.050000	-33.719917	-15.546022	0.000000	
6.100000	-33.729881	-15.518280	0.000000	
6.150000	-33.739920	-15.490563	0.000000	
6.200000	-33.750010	-15.462864	0.000000	
6.250000	-33.760143	-15.435180	0.000000	
6.300000	-33.770329	-15.407513	0.000000	
6.350000	-33.780561	-15.379862	0.000000	
6.400000	-33.790823	-15.352221	0.000000	
6.450000	-33.801116	-15.324590	0.000000	
6.500000	-33.811420	-15.296964	0.000000	
6.550000	-33.821744	-15.269344	0.000000	
6.600000	-33.832085	-15.241730	0.000000	
6.650000	-33.842429	-15.214118	0.000000	
6.700000	-33.852763	-15.186502	0.000000	
6.750000	-33.863109	-15.158890	0.000000	
6.800000	-33.873485	-15.131288	0.000000	
6.850000	-33.883874	-15.103692	0.000000	
6.900000	-33.894280	-15.076101	0.000000	
6.950000	-33.904699	-15.048515	0.000000	
7.000000	-33.915104	-15.020924	0.000000	
7.050000	-33.925481	-14.993323	0.000000	
7.100000	-33.935814	-14.965708	0.000000	
7.150000	-33.946101	-14.938076	0.000000	
7.200000	-33.956326	-14.910423	0.000000	
7.250000	-33.966494	-14.882750	0.000000	
7.300000	-33.976606	-14.855059	0.000000	
7.350000	-33.986653	-14.827346	0.000000	
7.400000	-33.996621	-14.799608	0.000000	
7.450000	-34.006518	-14.771846	0.000000	
7.500000	-34.016358	-14.744066	0.000000	
7.550000	-34.028143	-14.712228	0.000000	
7.600000	-34.039857	-14.680368	0.000000	
7.650000	-34.051515	-14.648489	0.000000	
7.700000	-34.063111	-14.616589	0.000000	
7.750000	-34.074643	-14.584670	0.000000	
7.800000	-34.086096	-14.552725	0.000000	
7.850000	-34.097460	-14.520751	0.000000	
7.900000	-34.108743	-14.488750	0.000000	
7.950000	-34.119950	-14.456725	0.000000	
8.000000	-34.131088	-14.424676	0.000000	
8.050000	-34.142162	-14.392608	0.000000	
8.100000	-34.153174	-14.360521	0.000000	
8.150000	-34.164141	-14.328420	0.000000	
8.200000	-34.175066	-14.296307	0.000000	
8.250000	-34.185969	-14.264186	0.000000	
8.300000	-34.196874	-14.232066	0.000000	
8.350000	-34.207793	-14.199950	0.000000	
8.400000	-34.218722	-14.167837	0.000000	
8.450000	-34.229664	-14.135728	0.000000	
8.500000	-34.240611	-14.103620	0.000000	
8.550000	-34.251561	-14.071513	0.000000	
8.600000	-34.262536	-14.039413	0.000000	
8.650000	-34.273530	-14.007319	0.000000	
8.700000	-34.284550	-13.975233	0.000000	
8.750000	-34.295602	-13.943156	0.000000	
8.800000	-34.306711	-13.911097	0.000000	
8.850000	-34.317867	-13.879053	0.000000	
8.900000	-34.329057	-13.847018	0.000000	
8.950000	-34.340274	-13.814992	0.000000	
9.000000	-34.351500	-13.782967	0.000000	
9.050000	-34.362728	-13.750944	0.000000	
9.100000	-34.373973	-13.718924	0.000000	
9.150000	-34.385233	-13.686909	0.000000	
9.200000	-34.396517	-13.654901	0.000000	
9.250000	-34.407801	-13.622892	0.000000	
9.300000	-34.419074	-13.590880	0.000000	
9.350000	-34.430333	-13.558864	0.000000	
9.400000	-34.441567	-13.526840	0.000000	
9.450000	-34.452772	-13.494807	0.000000	
9.500000	-34.463953	-13.462767	0.000000	
9.550000	-34.475100	-13.430717	0.000000	
9.600000	-34.486203	-13.398654	0.000000	
9.650000	-34.497239	-13.366572	0.000000	
9.700000	-34.508221	-13.334475	0.000000	
9.750000	-34.519127	-13.302355	0.000000	
9.800000	-34.529962	-13.270214	0.000000	
9.850000	-34.540714	-13.238048	0.000000	
9.900000	-34.551395	-13.205861	0.000000	
9.950000	-34.562014	-13.173655	0.000000	
10.000000	-34.572567	-13.141432	0.000000	
10.050000	-34.583063	-13.109191	0.000000	
10.100000	-34.593526	-13.076942	0.000000	
10.150000	-34.603946	-13.044680	0.000000	
10.200000	-34.614317	-13.012405	0.000000	
10.250000	-34.624630	-12.980114	0.000000	
10.300000	-34.634905	-12.947813	0.000000	
10.350000	-34.645123	-12.915496	0.000000	
10.400000	-34.655262	-12.883158	0.000000	
10.450000	-34.665319	-12.850799	0.000000	
10.500000	-34.675305	-12.818422	0.000000	
10.550000	-34.685228	-12.786028	0.000000	
10.600000	-34.695108	-12.753624	0.000000	
10.650000	-34.704965	-12.721213	0.000000	
10.700000	-34.714820	-12.688802	0.000000	
10.750000	-34.724647	-12.656383	0.000000	
10.800000	-34.734447	-12.623958	0.000000	
10.850000	-34.744229	-12.591527	0.000000	
10.900000	-34.753999	-12.559094	0.000000	
10.950000	-34.763738	-12.526652	0.000000	
11.000000	-34.773448	-12.494203	0.000000	
11.050000	-34.783129	-12.461747	0.000000	
11.100000	-34.792768	-12.429281	0.000000	
11.150000	-34.802346	-12.396799	0.000000	
11.200000	-34.811863	-12.364304	0.000000	
11.250000	-34.821327	-12.331796	0.000000	
11.300000	-34.830737	-12.299276	0.000000	
11.350000	-34.840098	-12.266745	0.000000	
11.400000	-34.849408	-12.234202	0.000000	
11.450000	-34.858669	-12.201648	0.000000	
11.500000	-34.867893	-12.169086	0.000000	
11.550000	-34.877082	-12.136517	0.000000	
11.600000	-34.886246	-12.103943	0.000000	
11.650000	-34.895378	-12.071361	0.000000	
11.700000	-34.904468	-12.038769	0.000000	
11.750000	-34.913499	-12.006163	0.000000	
11.800000	-34.922469	-11.973543	0.000000	
11.850000	-34.931368	-11.940909	0.000000	
11.900000	-34.940184	-11.908258	0.000000	
11.950000	-34.948892	-11.875584	0.000000	
12.000000	-34.957501	-11.842891	0.000000	
12.050000	-34.966005	-11.810177	0.000000	
12.100000	-34.974415	-11.777445	0.000000	
12.150000	-34.982757	-11.744701	0.000000	
12.200000	-34.991050	-11.711946	0.000000	
12.250000	-34.999296	-11.679183	0.000000	
12.300000	-35.007521	-11.646415	0.000000	
12.350000	-35.015716	-11.613642	0.000000	
12.400000	-35.023859	-11.580858	0.000000	
12.450000	-35.031947	-11.548064	0.000000	
12.500000	-35.039997	-11.515264	0.000000	
12.550000	-35.048000	-11.482455	0.000000	
12.600000	-35.055940	-11.449636	0.000000	
12.650000	-35.063810	-11.416805	0.000000	
12.700000	-35.071623	-11.383963	0.000000	
12.750000	-35.079379	-11.351110	0.000000	
12.800000	-35.087082	-11.318247	0.000000	
12.850000	-35.094742	-11.285377	0.000000	
12.900000	-35.102392	-11.252505	0.000000	
12.950000	-35.110015	-11.219629	0.000000	
13.000000	-35.117639	-11.186751	0.000000	
13.050000	-35.125277	-11.153876	0.000000	
13.100000	-35.132931	-11.121003	0.000000	
13.150000	-35.140593	-11.088130	0.000000	
13.200000	-35.148247	-11.055256	0.000000	
13.250000	-35.155869	-11.022377	0.000000	
13.300000	-35.163463	-10.989493	0.000000	
13.350000	-35.171001	-10.956599	0.000000	
13.400000	-35.178475	-10.923696	0.000000	
13.450000	-35.185901	-10.890786	0.000000	
13.500000	-35.193303	-10.857872	0.000000	
13.550000	-35.200687	-10.824955	0.000000	
13.600000	-35.208079	-10.792039	0.000000	
13.650000	-35.215482	-10.759124	0.000000	
13.700000	-35.222869	-10.726206	0.000000	
13.750000	-35.230229	-10.693284	0.000000	
13.800000	-35.237541	-10.660356	0.000000	
13.850000	-35.244810	-10.627421	0.000000	
13.900000	-35.252040	-10.594481	0.000000	
13.950000	-35.259208	-10.561531	0.000000	
14.000000	-35.266327	-10.528575	0.000000	
14.050000	-35.273396	-10.495613	0.000000	
14.100000	-35.280395	-10.462640	0.000000	
14.150000	-35.287317	-10.429657	0.000000	
14.200000	-35.294160	-10.396664	0.000000	
14.250000	-35.300931	-10.363663	0.000000	
14.300000	-35.307643	-10.330654	0.000000	
14.350000	-35.314290	-10.297637	0.000000	
14.400000	-35.320901	-10.264616	0.000000	
14.450000	-35.327505	-10.231594	0.000000	
14.500000	-35.334086	-10.198568	0.000000	
14.550000	-35.340646	-10.165540	0.000000	
14.600000	-35.347187	-10.132508	0.000000	
14.650000	-35.353680	-10.099470	0.000000	
14.700000	-35.360147	-10.066428	0.000000	
14.750000	-35.366619	-10.033387	0.000000	
14.800000	-35.373104	-10.000347	0.000000	
14.850000	-35.379611	-9.967309	0.000000	
14.900000	-35.386125	-9.934271	0.000000	
14.950000	-35.392662	-9.901237	0.000000	
15.000000	-35.399249	-9.868208	0.000000	
15.050000	-35.405875	-9.835184	0.000000	
15.100000	-35.412538	-9.802164	0.000000	
15.150000	-35.419257	-9.769152	0.000000	
15.200000	-35.426059	-9.736150	0.000000	
15.250000	-35.432965	-9.703160	0.000000	
15.300000	-35.439985	-9.670186	0.000000	
15.350000	-35.447108	-9.637227	0.000000	
15.400000	-35.454336	-9.604280	0.000000	
15.450000	-35.461659	-9.571347	0.000000	
15.500000	-35.469054	-9.538423	0.000000	
15.550000	-35.476516	-9.505509	0.000000	
15.600000	-35.484021	-9.472600	0.000000	
15.650000	-35.491556	-9.439694	0.000000	
15.700000	-35.499115	-9.406791	0.000000	
15.750000	-35.506678	-9.373888	0.000000	
15.800000	-35.514231	-9.340983	0.000000	
15.850000	-35.521770	-9.308076	0.000000	
15.900000	-35.529297	-9.275167	0.000000	
15.950000	-35.536841	-9.242260	0.000000	
16.000000	-35.544393	-9.209354	0.000000	
16.050000	-35.551934	-9.176445	0.000000	
16.100000	-35.559483	-9.143538	0.000000	
16.150000	-35.567031	-9.110630	0.000000	
16.200000	-35.574556	-9.077718	0.000000	
16.250000	-35.582036	-9.044799	0.000000	
16.300000	-35.589448	-9.011869	0.000000	
16.350000	-35.596760	-8.978925	0.000000	
16.400000	-35.603978	-8.945966	0.000000	
16.450000	-35.611122	-8.912997	0.000000	
16.500000	-35.618189	-8.880015	0.000000	
16.550000	-35.625197	-8.847024	0.000000	
16.600000	-35.632145	-8.814024	0.000000	
16.650000	-35.639045	-8.781018	0.000000	
16.700000	-35.645883	-8.748003	0.000000	
16.750000	-35.652684	-8.714983	0.000000	
16.800000	-35.659456	-8.681960	0.000000	
16.850000	-35.666199	-8.648933	0.000000	
16.900000	-35.672914	-8.615902	0.000000	
16.950000	-35.679606	-8.582868	0.000000	
17.000000	-35.686242	-8.549827	0.000000	
17.050000	-35.692812	-8.516778	0.000000	
17.100000	-35.699334	-8.483722	0.000000	
17.150000	-35.705790	-8.450659	0.000000	
17.200000	-35.712168	-8.417586	0.000000	
17.250000	-35.718469	-8.384505	0.000000	
17.300000	-35.724698	-8.351416	0.000000	
17.350000	-35.730869	-8.318322	0.000000	
17.400000	-35.736996	-8.285223	0.000000	
17.450000	-35.743076	-8.252121	0.000000	
17.500000	-35.749096	-8.219013	0.000000	
17.550000	-35.755059	-8.185899	0.000000	
17.600000	-35.760971	-8.152779	0.000000	
17.650000	-35.766835	-8.119654	0.000000	
17.700000	-35.772661	-8.086526	0.000000	
17.750000	-35.778449	-8.053394	0.000000	
17.800000	-35.784189	-8.020257	0.000000	
17.850000	-35.789900	-7.987118	0.000000	
17.900000	-35.795567	-7.953974	0.000000	
17.950000	-35.801174	-7.920825	0.000000	
18.000000	-35.806729	-7.887671	0.000000	
18.050000	-35.812236	-7.854513	0.000000	
18.100000	-35.817686	-7.821351	0.000000	
18.150000	-35.823073	-7.788184	0.000000	
18.200000	-35.828408	-7.755013	0.000000	
18.250000	-35.833695	-7.721838	0.000000	
18.300000	-35.838957	-7.688662	0.000000	
18.350000	-35.844197	-7.655484	0.000000	
18.400000	-35.849397	-7.622304	0.000000	
18.450000	-35.854545	-7.589121	0.000000	
18.500000	-35.859634	-7.555936	0.000000	
18.550000	-35.864647	-7.522747	0.000000	
18.600000	-35.869567	-7.489556	0.000000	
18.650000	-35.874372	-7.456360	0.000000	
18.700000	-35.879082	-7.423160	0.000000	
18.750000	-35.883685	-7.389957	0.000000	
18.800000	-35.888199	-7.356750	0.000000	
18.850000	-35.892610	-7.323541	0.000000	
18.900000	-35.896898	-7.290328	0.000000	
18.950000	-35.901072	-7.257112	0.000000	
19.000000	-35.905146	-7.223894	0.000000	
19.050000	-35.909127	-7.190674	0.000000	
19.100000	-35.913037	-7.157451	0.000000	
19.150000	-35.916882	-7.124227	0.000000	
19.200000	-35.920668	-7.091001	0.000000	
19.250000	-35.924404	-7.057774	0.000000	
19.300000	-35.928106	-7.024545	0.000000	
19.350000	-35.931777	-6.991315	0.000000	
19.400000	-35.935433	-6.958084	0.000000	
19.450000	-35.939084	-6.924853	0.000000	
19.500000	-35.942752	-6.891622	0.000000	
19.550000	-35.946431	-6.858391	0.000000	
19.600000	-35.950136	-6.825160	0.000000	
19.650000	-35.953876	-6.791929	0.000000	
19.700000	-35.957672	-6.758698	0.000000	
19.750000	-35.961519	-6.725469	0.000000	
19.800000	-35.965445	-6.692240	0.000000	
19.850000	-35.969430	-6.659012	0.000000	
19.900000	-35.973483	-6.625785	0.000000	
19.950000	-35.977605	-6.592558	0.000000	
20.000000	-35.981787	-6.559331	0.000000	
20.050000	-35.986021	-6.526103	0.000000	
20.100000	-35.990295	-6.492875	0.000000	
20.150000	-35.994611	-6.459648	0.000000	
20.200000	-35.998984	-6.426422	0.000000	
20.250000	-36.003398	-6.393195	0.000000	
20.300000	-36.007849	-6.359970	0.000000	
20.350000	-36.012330	-6.326745	0.000000	
20.400000	-36.016825	-6.293521	0.000000	
20.450000	-36.021323	-6.260296	0.000000	
20.500000	-36.025825	-6.227071	0.000000	
20.550000	-36.030309	-6.193845	0.000000	
20.600000	-36.034790	-6.160620	0.000000	
20.650000	-36.039278	-6.127394	0.000000	
20.700000	-36.043795	-6.094169	0.000000	
20.750000	-36.048334	-6.060944	0.000000	
20.800000	-36.052897	-6.027721	0.000000	
20.850000	-36.057480	-5.994499	0.000000	
20.900000	-36.062090	-5.961278	0.000000	
20.950000	-36.066714	-5.928057	0.000000	
21.000000	-36.071350	-5.894836	0.000000	
21.050000	-36.076021	-5.861617	0.000000	
21.100000	-36.080732	-5.828399	0.000000	
21.150000	-36.085485	-5.795182	0.000000	
21.200000	-36.090252	-5.761966	0.000000	
21.250000	-36.095035	-5.728750	0.000000	
21.300000	-36.099839	-5.695535	0.000000	
21.350000	-36.104640	-5.662320	0.000000	
21.400000	-36.109442	-5.629105	0.000000	
21.450000	-36.114248	-5.595889	0.000000	
21.500000	-36.119065	-5.562674	0.000000	
21.550000	-36.123895	-5.529459	0.000000	
21.600000	-36.128770	-5.496246	0.000000	
21.650000	-36.133684	-5.463034	0.000000	
21.700000	-36.138620	-5.429823	0.000000	
21.750000	-36.143577	-5.396613	0.000000	
21.800000	-36.148532	-5.363403	0.000000	
21.850000	-36.153472	-5.330192	0.000000	
21.900000	-36.158374	-5.296978	0.000000	
21.950000	-36.163232	-5.263762	0.000000	
22.000000	-36.168052	-5.230545	0.000000	
22.050000	-36.172841	-5.197326	0.000000	
22.100000	-36.177606	-5.164106	0.000000	
22.150000	-36.182322	-5.130885	0.000000	
22.200000	-36.186914	-5.097663	0.000000	
22.250000	-36.191291	-5.064450	0.000000	
22.300000	-36.195341	-5.031265	0.000000	
22.350000	-36.198922	-4.998150	0.000000	
22.400000	-36.201920	-4.965159	0.000000	
22.450000	-36.204182	-4.932386	0.000000	
22.500000	-36.205566	-4.899947	0.000000	
22.550000	-36.205943	-4.867972	0.000000	
22.600000	-36.205217	-4.836621	0.000000	
22.650000	-36.203298	-4.806058	0.000000	
22.700000	-36.200147	-4.776430	0.000000	
22.750000	-36.195749	-4.747877	0.000000	
22.800000	-36.190080	-4.720521	0.000000	
22.850000	-36.183166	-4.694487	0.000000	
22.900000	-36.175027	-4.669884	0.000000	
22.950000	-36.165695	-4.646805	0.000000	
23.000000	-36.155210	-4.625321	0.000000	
23.050000	-36.143610	-4.605510	0.000000	
23.100000	-36.130929	-4.587440	0.000000	
23.150000	-36.117184	-4.571165	0.000000	
23.200000	-36.102412	-4.556713	0.000000	
23.250000	-36.086717	-4.544126	0.000000	
23.300000	-36.070220	-4.533417	0.000000	
23.350000	-36.053034	-4.524588	0.000000	
23.400000	-36.035315	-4.517610	0.000000	
23.450000	-36.017194	-4.512432	0.000000	
23.500000	-35.998817	-4.508953	0.000000	
23.550000	-35.980316	-4.507045	0.000000	
23.600000	-35.961802	-4.506570	0.000000	
23.650000	-35.943371	-4.507356	0.000000	
23.700000	-35.925096	-4.509242	0.000000	
23.750000	-35.907019	-4.512078	0.000000	
23.800000	-35.889162	-4.515725	0.000000	
23.850000	-35.871530	-4.520058	0.000000	
23.900000	-35.854114	-4.524956	0.000000	
23.950000	-35.836895	-4.530303	0.000000	
24.000000	-35.819860	-4.536021	0.000000	
24.050000	-35.802980	-4.542033	0.000000	
24.100000	-35.786215	-4.548249	0.000000	
24.150000	-35.769530	-4.554597	0.000000	
24.200000	-35.752893	-4.561021	0.000000	
24.250000	-35.736283	-4.567485	0.000000	
24.300000	-35.719676	-4.573955	0.000000	
24.350000	-35.703051	-4.580399	0.000000	
24.400000	-35.686393	-4.586797	0.000000	
24.450000	-35.669686	-4.593128	0.000000	
24.500000	-35.652932	-4.599396	0.000000	
24.550000	-35.636143	-4.605617	0.000000	
24.600000	-35.619334	-4.611809	0.000000	
24.650000	-35.602511	-4.617981	0.000000	
24.700000	-35.585677	-4.624140	0.000000	
24.750000	-35.568842	-4.630296	0.000000	
24.800000	-35.552012	-4.636458	0.000000	
24.850000	-35.535195	-4.642639	0.000000	
24.900000	-35.518397	-4.648845	0.000000	
24.950000	-35.501608	-4.655063	0.000000	
25.000000	-35.484825	-4.661290	0.000000	
25.050000	-35.468036	-4.667508	0.000000	
25.100000	-35.451239	-4.673715	0.000000	
25.150000	-35.434439	-4.679919	0.000000	
25.200000	-35.417647	-4.686135	0.000000	
25.250000	-35.400867	-4.692368	0.000000	
25.300000	-35.384107	-4.698628	0.000000	
25.350000	-35.367368	-4.704918	0.000000	
25.400000	-35.350648	-4.711235	0.000000	
25.450000	-35.333938	-4.717566	0.000000	
25.500000	-35.317235	-4.723908	0.000000	
25.550000	-35.300543	-4.730267	0.000000	
25.600000	-35.283856	-4.736631	0.000000	
25.650000	-35.267162	-4.742986	0.000000	
25.700000	-35.250463	-4.749334	0.000000	
25.750000	-35.233769	-4.755687	0.000000	
25.800000	-35.217062	-4.762024	0.000000	
25.850000	-35.200346	-4.768347	0.000000	
25.900000	-35.183614	-4.774649	0.000000	
25.950000	-35.166870	-4.780933	0.000000	
26.000000	-35.150125	-4.787217	0.000000	
26.050000	-35.133394	-4.793520	0.000000	
26.100000	-35.116680	-4.799846	0.000000	
26.150000	-35.099980	-4.806190	0.000000	
26.200000	-35.083298	-4.812560	0.000000	
26.250000	-35.066622	-4.818937	0.000000	
26.300000	-35.049948	-4.825317	0.000000	
26.350000	-35.033279	-4.831704	0.000000	
26.400000	-35.016604	-4.838081	0.000000	
26.450000	-34.999938	-4.844472	0.000000	
26.500000	-34.983298	-4.850898	0.000000	
26.550000	-34.966697	-4.857375	0.000000	
26.600000	-34.950131	-4.863900	0.000000	
26.650000	-34.933616	-4.870491	0.000000	
26.700000	-34.917153	-4.877152	0.000000	
26.750000	-34.900753	-4.883894	0.000000	
26.800000	-34.884413	-4.890713	0.000000	
26.850000	-34.868142	-4.897623	0.000000	
26.900000	-34.851926	-4.904602	0.000000	
26.950000	-34.835750	-4.911636	0.000000	
27.000000	-34.819619	-4.918724	0.000000	
27.050000	-34.803524	-4.925860	0.000000	
27.100000	-34.787456	-4.933029	0.000000	
27.150000	-34.771403	-4.940217	0.000000	
27.200000	-34.755371	-4.947432	0.000000	
27.250000	-34.739371	-4.954687	0.000000	
27.300000	-34.723402	-4.961983	0.000000	
27.350000	-34.707472	-4.969329	0.000000	
27.400000	-34.691581	-4.976725	0.000000	
27.450000	-34.675726	-4.984167	0.000000	
27.500000	-34.659910	-4.991659	0.000000	
27.550000	-34.644122	-4.999185	0.000000	
27.600000	-34.628367	-5.006752	0.000000	
27.650000	-34.612635	-5.014348	0.000000	
27.700000	-34.596915	-5.021956	0.000000	
27.750000	-34.581209	-5.029582	0.000000	
27.800000	-34.565511	-5.037217	0.000000	
27.850000	-34.549817	-5.044857	0.000000	
27.900000	-34.534125	-5.052499	0.000000	
27.950000	-34.518452	-5.060162	0.000000	
28.000000	-34.502812	-5.067865	0.000000	
28.050000	-34.487188	-5.075586	0.000000	
28.100000	-34.471580	-5.083326	0.000000	
28.150000	-34.455981	-5.091076	0.000000	
28.200000	-34.440412	-5.098863	0.000000	
28.250000	-34.424886	-5.106700	0.000000	
28.300000	-34.409389	-5.114570	0.000000	
28.350000	-34.393932	-5.122488	0.000000	
28.400000	-34.378507	-5.130444	0.000000	
28.450000	-34.363100	-5.138420	0.000000	
28.500000	-34.347713	-5.146419	0.000000	
28.550000	-34.332326	-5.154418	0.000000	
28.600000	-34.316945	-5.162422	0.000000	
28.650000	-34.301556	-5.170417	0.000000	
28.700000	-34.286165	-5.178410	0.000000	
28.750000	-34.270779	-5.186408	0.000000	
28.800000	-34.255394	-5.194407	0.000000	
28.850000	-34.240008	-5.202404	0.000000	
28.900000	-34.224612	-5.210388	0.000000	
28.950000	-34.209208	-5.218363	0.000000	
29.000000	-34.193798	-5.226331	0.000000	
29.050000	-34.178373	-5.234279	0.000000	
29.100000	-34.162941	-5.242220	0.000000	
29.150000	-34.147507	-5.250157	0.000000	
29.200000	-34.132072	-5.258094	0.000000	
29.250000	-34.116619	-5.266007	0.000000	
29.300000	-34.101134	-5.273882	0.000000	
29.350000	-34.085626	-5.281729	0.000000	
29.400000	-34.070085	-5.289536	0.000000	
29.450000	-34.054511	-5.297305	0.000000	
29.500000	-34.038906	-5.305035	0.000000	
29.550000	-34.023262	-5.312717	0.000000	
29.600000	-34.007584	-5.320354	0.000000	
29.650000	-33.991878	-5.327957	0.000000	
29.700000	-33.976150	-5.335531	0.000000	
29.750000	-33.960399	-5.343076	0.000000	
29.800000	-33.944622	-5.350590	0.000000	
29.850000	-33.928815	-5.358065	0.000000	
29.900000	-33.912975	-5.365500	0.000000	
29.950000	-33.897120	-5.372915	0.000000	
30.000000	-33.881252	-5.380314	0.000000	
30.050000	-33.865368	-5.387693	0.000000	
30.100000	-33.849467	-5.395051	0.000000	
30.150000	-33.833556	-5.402396	0.000000	
30.200000	-33.817639	-5.409733	0.000000	
30.250000	-33.801716	-5.417063	0.000000	
30.300000	-33.785797	-5.424397	0.000000	
30.350000	-33.769885	-5.431738	0.000000	
30.400000	-33.753973	-5.439079	0.000000	
30.450000	-33.738057	-5.446415	0.000000	
30.500000	-33.722141	-5.453750	0.000000	
30.550000	-33.706243	-5.461107	0.000000	
30.600000	-33.690363	-5.468486	0.000000	
30.650000	-33.674506	-5.475894	0.000000	
30.700000	-33.658660	-5.483316	0.000000	
30.750000	-33.642818	-5.490742	0.000000	
30.800000	-33.626965	-5.498153	0.000000	
30.850000	-33.611104	-5.505555	0.000000	
30.900000	-33.595255	-5.512970	0.000000	
30.950000	-33.579410	-5.520391	0.000000	
31.000000	-33.563563	-5.527807	0.000000	
31.050000	-33.547707	-5.535213	0.000000	
31.100000	-33.531836	-5.542599	0.000000	
31.150000	-33.515951	-5.549966	0.000000	
31.200000	-33.500044	-5.557307	0.000000	
31.250000	-33.484114	-5.564616	0.000000	
31.300000	-33.468165	-5.571903	0.000000	
31.350000	-33.452191	-5.579157	0.000000	
31.400000	-33.436198	-5.586386	0.000000	
31.450000	-33.420177	-5.593580	0.000000	
31.500000	-33.404136	-5.600748	0.000000	
31.550000	-33.388082	-5.607898	0.000000	
31.600000	-33.372015	-5.615032	0.000000	
31.650000	-33.355952	-5.622171	0.000000	
31.700000	-33.339888	-5.629309	0.000000	
31.750000	-33.323823	-5.636443	0.000000	
31.800000	-33.307762	-5.643584	0.000000	
31.850000	-33.291711	-5.650736	0.000000	
31.900000	-33.275659	-5.657886	0.000000	
31.950000	-33.259593	-5.665018	0.000000	
32.000000	-33.243523	-5.672144	0.000000	
32.050000	-33.227453	-5.679269	0.000000	
32.100000	-33.211387	-5.686400	0.000000	
32.150000	-33.195328	-5.693539	0.000000	
32.200000	-33.179276	-5.700686	0.000000	
32.250000	-33.163227	-5.707838	0.000000	
32.300000	-33.147183	-5.714995	0.000000	
32.350000	-33.131141	-5.722153	0.000000	
32.400000	-33.115107	-5.729322	0.000000	
32.450000	-33.099081	-5.736501	0.000000	
32.500000	-33.083064	-5.743691	0.000000	
32.550000	-33.067046	-5.750879	0.000000	
32.600000	-33.051022	-5.758059	0.000000	
32.650000	-33.034986	-5.765222	0.000000	
32.700000	-33.018929	-5.772360	0.000000	
32.750000	-33.002871	-5.779496	0.000000	
32.800000	-32.986814	-5.786633	0.000000	
32.850000	-32.970753	-5.793764	0.000000	
32.900000	-32.954691	-5.800892	0.000000	
32.950000	-32.938626	-5.808018	0.000000	
33.000000	-32.922552	-5.815131	0.000000	
33.050000	-32.906465	-5.822227	0.000000	
33.100000	-32.890350	-5.829285	0.000000	
33.150000	-32.874196	-5.836291	0.000000	
33.200000	-32.858007	-5.843250	0.000000	
33.250000	-32.841778	-5.850156	0.000000	
33.300000	-32.825506	-5.857003	0.000000	
33.350000	-32.809196	-5.863798	0.000000	
33.400000	-32.792844	-5.870536	0.000000	
33.450000	-32.776459	-5.877229	0.000000	
33.500000	-32.760041	-5.883880	0.000000	
33.550000	-32.743596	-5.890494	0.000000	
33.600000	-32.727137	-5.897088	0.000000	
33.650000	-32.710660	-5.903658	0.000000	
33.700000	-32.694154	-5.910188	0.000000	
33.750000	-32.677610	-5.916666	0.000000	
33.800000	-32.661022	-5.923084	0.000000	
33.850000	-32.644388	-5.929441	0.000000	
33.900000	-32.627721	-5.935752	0.000000	
33.950000	-32.611025	-5.942026	0.000000	
34.000000	-32.594315	-5.948278	0.000000	
34.050000	-32.577597	-5.954521	0.000000	
34.100000	-32.560887	-5.960774	0.000000	
34.150000	-32.544186	-5.967039	0.000000	
34.200000	-32.527510	-5.973338	0.000000	
34.250000	-32.510859	-5.979670	0.000000	
34.300000	-32.494250	-5.986059	0.000000	
34.350000	-32.477689	-5.992513	0.000000	
34.400000	-32.461161	-5.999011	0.000000	
34.450000	-32.444667	-6.005556	0.000000	
34.500000	-32.428204	-6.012144	0.000000	
34.550000	-32.411760	-6.018755	0.000000	
34.600000	-32.395331	-6.025388	0.000000	
34.650000	-32.378922	-6.032048	0.000000	
34.700000	-32.362538	-6.038740	0.000000	
34.750000	-32.346188	-6.045479	0.000000	
34.800000	-32.329876	-6.052270	0.000000	
34.850000	-32.313598	-6.059106	0.000000	
34.900000	-32.297357	-6.065994	0.000000	
34.950000	-32.281144	-6.072918	0.000000	
35.000000	-32.264949	-6.079868	0.000000	
35.050000	-32.248775	-6.086844	0.000000	
35.100000	-32.232621	-6.093848	0.000000	
35.150000	-32.216481	-6.100870	0.000000	
35.200000	-32.200364	-6.107921	0.000000	
35.250000	-32.184260	-6.114990	0.000000	
35.300000	-32.168166	-6.122070	0.000000	
35.350000	-32.152068	-6.129147	0.000000	
35.400000	-32.135957	-6.136205	0.000000	
35.450000	-32.119849	-6.143268	0.000000	
35.500000	-32.103740	-6.150329	0.000000	
35.550000	-32.087627	-6.157386	0.000000	
35.600000	-32.071523	-6.164453	0.000000	
35.650000	-32.055438	-6.171545	0.000000	
35.700000	-32.039367	-6.178655	0.000000	
35.750000	-32.023296	-6.185765	0.000000	
35.800000	-32.007233	-6.192886	0.000000	
35.850000	-31.991190	-6.200030	0.000000	
35.900000	-31.975164	-6.207197	0.000000	
35.950000	-31.959158	-6.214389	0.000000	
36.000000	-31.943184	-6.221621	0.000000	
36.050000	-31.927260	-6.228914	0.000000	
36.100000	-31.911385	-6.236266	0.000000	
36.150000	-31.895544	-6.243661	0.000000	
36.200000	-31.879726	-6.251084	0.000000	
36.250000	-31.863918	-6.258519	0.000000	
36.300000	-31.848106	-6.265950	0.000000	
36.350000	-31.832285	-6.273368	0.000000	
36.400000	-31.816467	-6.280790	0.000000	
36.450000	-31.800673	-6.288242	0.000000	
36.500000	-31.784901	-6.295722	0.000000	
36.550000	-31.769155	-6.303235	0.000000	
36.600000	-31.753435	-6.310780	0.000000	
36.650000	-31.737731	-6.318344	0.000000	
36.700000	-31.722048	-6.325935	0.000000	
36.750000	-31.706385	-6.333550	0.000000	
36.800000	-31.690760	-6.341211	0.000000	
36.850000	-31.675156	-6.348899	0.000000	
36.900000	-31.659559	-6.356594	0.000000	
36.950000	-31.643966	-6.364293	0.000000	
37.000000	-31.628377	-6.371998	0.000000	
37.050000	-31.612795	-6.379711	0.000000	
37.100000	-31.597208	-6.387418	0.000000	
37.150000	-31.581618	-6.395121	0.000000	
37.200000	-31.566040	-6.402839	0.000000	
37.250000	-31.550489	-6.410587	0.000000	
37.300000	-31.534966	-6.418369	0.000000	
37.350000	-31.519473	-6.426187	0.000000	
37.400000	-31.504025	-6.434062	0.000000	
37.450000	-31.488610	-6.441976	0.000000	
37.500000	-31.473229	-6.449930	0.000000	
37.550000	-31.457882	-6.457922	0.000000	
37.600000	-31.442579	-6.465966	0.000000	
37.650000	-31.427325	-6.474066	0.000000	
37.700000	-31.412121	-6.482223	0.000000	
37.750000	-31.396953	-6.490422	0.000000	
37.800000	-31.381818	-6.498658	0.000000	
37.850000	-31.366710	-6.506924	0.000000	
37.900000	-31.351636	-6.515229	0.000000	
37.950000	-31.336612	-6.523591	0.000000	
38.000000	-31.321642	-6.532014	0.000000	
38.050000	-31.306724	-6.540496	0.000000	
38.100000	-31.291850	-6.549027	0.000000	
38.150000	-31.277017	-6.557603	0.000000	
38.200000	-31.262202	-6.566201	0.000000	
38.250000	-31.247408	-6.574821	0.000000	
38.300000	-31.232640	-6.583470	0.000000	
38.350000	-31.217898	-6.592147	0.000000	
38.400000	-31.203188	-6.600860	0.000000	
38.450000	-31.188496	-6.609593	0.000000	
38.500000	-31.173837	-6.618363	0.000000	
38.550000	-31.159208	-6.627166	0.000000	
38.600000	-31.144596	-6.635986	0.000000	
38.650000	-31.129988	-6.644812	0.000000	
38.700000	-31.115388	-6.653644	0.000000	
38.750000	-31.100804	-6.662494	0.000000	
38.800000	-31.086230	-6.671355	0.000000	
38.850000	-31.071671	-6.680232	0.000000	
38.900000	-31.057130	-6.689128	0.000000	
38.950000	-31.042618	-6.698053	0.000000	
39.000000	-31.028126	-6.707000	0.000000	
39.050000	-31.013646	-6.715958	0.000000	
39.100000	-30.999175	-6.724927	0.000000	
39.150000	-30.984727	-6.733920	0.000000	
39.200000	-30.970312	-6.742945	0.000000	
39.250000	-30.955937	-6.752012	0.000000	
39.300000	-30.941593	-6.761112	0.000000	
39.350000	-30.927267	-6.770231	0.000000	
39.400000	-30.912967	-6.779375	0.000000	
39.450000	-30.898695	-6.788551	0.000000	
39.500000	-30.884455	-6.797759	0.000000	
39.550000	-30.870244	-6.806998	0.000000	
39.600000	-30.856061	-6.816265	0.000000	
39.650000	-30.841916	-6.825570	0.000000	
39.700000	-30.827819	-6.834924	0.000000	
39.750000	-30.813753	-6.844311	0.000000	
39.800000	-30.799721	-6.853730	0.000000	
39.850000	-30.785731	-6.863193	0.000000	
39.900000	-30.771775	-6.872691	0.000000	
39.950000	-30.757845	-6.882215	0.000000	
40.000000	-30.743927	-6.891750	0.000000	
40.050000	-30.730036	-6.901313	0.000000	
40.100000	-30.716174	-6.910905	0.000000	
40.150000	-30.702345	-6.920530	0.000000	
40.200000	-30.688549	-6.930186	0.000000	
40.250000	-30.674774	-6.939864	0.000000	
40.300000	-30.661016	-6.949558	0.000000	
40.350000	-30.647283	-6.959276	0.000000	
40.400000	-30.633574	-6.969017	0.000000	
40.450000	-30.619894	-6.978788	0.000000	
40.500000	-30.606249	-6.988592	0.000000	
40.550000	-30.592639	-6.998430	0.000000	
40.600000	-30.579050	-7.008289	0.000000	
40.650000	-30.565463	-7.018150	0.000000	
40.700000	-30.551868	-7.028003	0.000000	
40.750000	-30.538264	-7.037847	0.000000	
40.800000	-30.524652	-7.047684	0.000000	
40.850000	-30.511042	-7.057523	0.000000	
40.900000	-30.497422	-7.067352	0.000000	
40.950000	-30.483788	-7.077168	0.000000	
41.000000	-30.470131	-7.086961	0.000000	
41.050000	-30.456464	-7.096745	0.000000	
41.100000	-30.442772	-7.106504	0.000000	
41.150000	-30.429055	-7.116238	0.000000	
41.200000	-30.415294	-7.125929	0.000000	
41.250000	-30.401491	-7.135579	0.000000	
41.300000	-30.387651	-7.145193	0.000000	
41.350000	-30.373792	-7.154789	0.000000	
41.400000	-30.359897	-7.164350	0.000000	
41.450000	-30.345980	-7.173891	0.000000	
41.500000	-30.332035	-7.183404	0.000000	
41.550000	-30.318047	-7.192877	0.000000	
41.600000	-30.304029	-7.202320	0.000000	
41.650000	-30.289997	-7.211751	0.000000	
41.700000	-30.275965	-7.221183	0.000000	
41.750000	-30.261937	-7.230619	0.000000	
41.800000	-30.247912	-7.240058	0.000000	
41.850000	-30.233880	-7.249491	0.000000	
41.900000	-30.219829	-7.258907	0.000000	
41.950000	-30.205773	-7.268319	0.000000	
42.000000	-30.191721	-7.277734	0.000000	
42.050000	-30.177695	-7.287177	0.000000	
42.100000	-30.163691	-7.296641	0.000000	
42.150000	-30.149702	-7.306121	0.000000	
42.200000	-30.135738	-7.315627	0.000000	
42.250000	-30.121799	-7.325160	0.000000	
42.300000	-30.107871	-7.334704	0.000000	
42.350000	-30.093945	-7.344251	0.000000	
42.400000	-30.079999	-7.353779	0.000000	
42.450000	-30.066052	-7.363307	0.000000	
42.500000	-30.052107	-7.372837	0.000000	
42.550000	-30.038173	-7.382380	0.000000	
42.600000	-30.024269	-7.391952	0.000000	
42.650000	-30.010389	-7.401549	0.000000	
42.700000	-29.996518	-7.411155	0.000000	
42.750000	-29.982655	-7.420771	0.000000	
42.800000	-29.968817	-7.430410	0.000000	
42.850000	-29.954998	-7.440067	0.000000	
42.900000	-29.941205	-7.449751	0.000000	
42.950000	-29.927452	-7.459474	0.000000	
43.000000	-29.913719	-7.469218	0.000000	
43.050000	-29.900003	-7.478978	0.000000	
43.100000	-29.886297	-7.488749	0.000000	
43.150000	-29.872594	-7.498524	0.000000	
43.200000	-29.858903	-7.508311	0.000000	
43.250000	-29.845223	-7.518109	0.000000	
43.300000	-29.831548	-7.527913	0.000000	
43.350000	-29.817878	-7.537722	0.000000	
43.400000	-29.804232	-7.547557	0.000000	
43.450000	-29.790632	-7.557437	0.000000	
43.500000	-29.777062	-7.567348	0.000000	
43.550000	-29.763507	-7.577275	0.000000	
43.600000	-29.749959	-7.587208	0.000000	
43.650000	-29.736409	-7.597141	0.000000	
43.700000	-29.722855	-7.607070	0.000000	
43.750000	-29.709311	-7.617009	0.000000	
43.800000	-29.695789	-7.626970	0.000000	
43.850000	-29.682277	-7.636941	0.000000	
43.900000	-29.668767	-7.646913	0.000000	
43.950000	-29.655258	-7.656887	0.000000	
44.000000	-29.641737	-7.666851	0.000000	
44.050000	-29.628208	-7.676808	0.000000	
44.100000	-29.614685	-7.686771	0.000000	
44.150000	-29.601154	-7.696726	0.000000	
44.200000	-29.587609	-7.706670	0.000000	
44.250000	-29.574049	-7.716600	0.000000	
44.300000	-29.560471	-7.726512	0.000000	
44.350000	-29.546873	-7.736406	0.000000	
44.400000	-29.533259	-7.746285	0.000000	
44.450000	-29.519615	-7.756135	0.000000	
44.500000	-29.505925	-7.765940	0.000000	
44.550000	-29.492192	-7.775704	0.000000	
44.600000	-29.478419	-7.785426	0.000000	
44.650000	-29.464595	-7.795100	0.000000	
44.700000	-29.450729	-7.804730	0.000000	
44.750000	-29.436827	-7.814325	0.000000	
44.800000	-29.422869	-7.823866	0.000000	
44.850000	-29.408848	-7.833346	0.000000	
44.900000	-29.394762	-7.842764	0.000000	
44.950000	-29.380616	-7.852123	0.000000	
45.000000	-29.366407	-7.861420	0.000000	
45.050000	-29.352144	-7.870663	0.000000	
45.100000	-29.337826	-7.879851	0.000000	
45.150000	-29.323459	-7.888991	0.000000	
45.200000	-29.309052	-7.898092	0.000000	
45.250000	-29.294616	-7.907164	0.000000	
45.300000	-29.280139	-7.916195	0.000000	
45.350000	-29.265618	-7.925181	0.000000	
45.400000	-29.251063	-7.934131	0.000000	
45.450000	-29.236477	-7.943050	0.000000	
45.500000	-29.221869	-7.951946	0.000000	
45.550000	-29.207247	-7.960827	0.000000	
45.600000	-29.192608	-7.969692	0.000000	
45.650000	-29.177947	-7.978532	0.000000	
45.700000	-29.163283	-7.987371	0.000000	
45.750000	-29.148615	-7.996207	0.000000	
45.800000	-29.133943	-8.005037	0.000000	
45.850000	-29.119276	-8.013874	0.000000	
45.900000	-29.104610	-8.022713	0.000000	
45.950000	-29.089937	-8.031544	0.000000	
46.000000	-29.075272	-8.040385	0.000000	
46.050000	-29.060616	-8.049236	0.000000	
46.100000	-29.045965	-8.058093	0.000000	
46.150000	-29.031333	-8.066970	0.000000	
46.200000	-29.016701	-8.075849	0.000000	
46.250000	-29.002076	-8.084734	0.000000	
46.300000	-28.987460	-8.093630	0.000000	
46.350000	-28.972862	-8.102544	0.000000	
46.400000	-28.958297	-8.111494	0.000000	
46.450000	-28.943781	-8.120495	0.000000	
46.500000	-28.929301	-8.129535	0.000000	
46.550000	-28.914860	-8.138613	0.000000	
46.600000	-28.900450	-8.147725	0.000000	
46.650000	-28.886077	-8.156874	0.000000	
46.700000	-28.871742	-8.166065	0.000000	
46.750000	-28.857428	-8.175278	0.000000	
46.800000	-28.843134	-8.184513	0.000000	
46.850000	-28.828862	-8.193769	0.000000	
46.900000	-28.814618	-8.203054	0.000000	
46.950000	-28.800398	-8.212364	0.000000	
47.000000	-28.786222	-8.221719	0.000000	
47.050000	-28.772083	-8.231110	0.000000	
47.100000	-28.757980	-8.240538	0.000000	
47.150000	-28.743903	-8.249993	0.000000	
47.200000	-28.729853	-8.259476	0.000000	
47.250000	-28.715827	-8.268983	0.000000	
47.300000	-28.701818	-8.278506	0.000000	
47.350000	-28.687807	-8.288030	0.000000	
47.400000	-28.673809	-8.297566	0.000000	
47.450000	-28.659808	-8.307101	0.000000	
47.500000	-28.645791	-8.316619	0.000000	
47.550000	-28.631759	-8.326122	0.000000	
47.600000	-28.617706	-8.335606	0.000000	
47.650000	-28.603643	-8.345078	0.000000	
47.700000	-28.589573	-8.354546	0.000000	
47.750000	-28.575516	-8.364026	0.000000	
47.800000	-28.561468	-8.373516	0.000000	
47.850000	-28.547420	-8.383006	0.000000	
47.900000	-28.533360	-8.392485	0.000000	
47.950000	-28.519284	-8.401948	0.000000	
48.000000	-28.505193	-8.411398	0.000000	
48.050000	-28.491071	-8.420817	0.000000	
48.100000	-28.476906	-8.430193	0.000000	
48.150000	-28.462699	-8.439527	0.000000	
48.200000	-28.448455	-8.448824	0.000000	
48.250000	-28.434168	-8.458078	0.000000	
48.300000	-28.419847	-8.467297	0.000000	
48.350000	-28.405490	-8.476480	0.000000	
48.400000	-28.391104	-8.485633	0.000000	
48.450000	-28.376682	-8.494749	0.000000	
48.500000	-28.362233	-8.503837	0.000000	
48.550000	-28.347763	-8.512905	0.000000	
48.600000	-28.333282	-8.521960	0.000000	
48.650000	-28.318797	-8.531013	0.000000	
48.700000	-28.304300	-8.540053	0.000000	
48.750000	-28.289799	-8.549090	0.000000	
48.800000	-28.275282	-8.558112	0.000000	
48.850000	-28.260767	-8.567136	0.000000	
48.900000	-28.246246	-8.576154	0.000000	
48.950000	-28.231729	-8.585178	0.000000	
49.000000	-28.217214	-8.594203	0.000000	
49.050000	-28.202714	-8.603244	0.000000	
49.100000	-28.188230	-8.612302	0.000000	
49.150000	-28.173777	-8.621392	0.000000	
49.200000	-28.159374	-8.630531	0.000000	
49.250000	-28.145029	-8.639730	0.000000	
49.300000	-28.130733	-8.648977	0.000000	
49.350000	-28.116486	-8.658276	0.000000	
49.400000	-28.102285	-8.667621	0.000000	
49.450000	-28.088126	-8.677011	0.000000	
49.500000	-28.074010	-8.686444	0.000000	
49.550000	-28.059940	-8.695926	0.000000	
49.600000	-28.045903	-8.705441	0.000000	
49.650000	-28.031902	-8.714994	0.000000	
49.700000	-28.017933	-8.724578	0.000000	
49.750000	-28.004006	-8.734206	0.000000	
49.800000	-27.990120	-8.743874	0.000000	
49.850000	-27.976270	-8.753576	0.000000	
49.900000	-27.962453	-8.763311	0.000000	
49.950000	-27.948685	-8.773093	0.000000	
50.000000	-27.934954	-8.782912	0.000000	
50.050000	-27.921263	-8.792769	0.000000	
50.100000	-27.907595	-8.802648	0.000000	
50.150000	-27.893960	-8.812559	0.000000	
50.200000	-27.880343	-8.822488	0.000000	
50.250000	-27.866734	-8.832425	0.000000	
50.300000	-27.853134	-8.842370	0.000000	
50.350000	-27.839542	-8.852323	0.000000	
50.400000	-27.825954	-8.862281	0.000000	
50.450000	-27.812392	-8.872262	0.000000	
50.500000	-27.798855	-8.882268	0.000000	
50.550000	-27.785328	-8.892284	0.000000	
50.600000	-27.771820	-8.902317	0.000000	
50.650000	-27.758331	-8.912370	0.000000	
50.700000	-27.744865	-8.922443	0.000000	
50.750000	-27.731419	-8.932536	0.000000	
50.800000	-27.717977	-8.942633	0.000000	
50.850000	-27.704518	-8.952715	0.000000	
50.900000	-27.691062	-8.962799	0.000000	
50.950000	-27.677608	-8.972885	0.000000	
51.000000	-27.664144	-8.982962	0.000000	
51.050000	-27.650678	-8.993037	0.000000	
51.100000	-27.637198	-9.003100	0.000000	
51.150000	-27.623718	-9.013163	0.000000	
51.200000	-27.610244	-9.023231	0.000000	
51.250000	-27.596786	-9.033314	0.000000	
51.300000	-27.583345	-9.043412	0.000000	
51.350000	-27.569917	-9.053521	0.000000	
51.400000	-27.556513	-9.063653	0.000000	
51.450000	-27.543148	-9.073820	0.000000	
51.500000	-27.529807	-9.084007	0.000000	
51.550000	-27.516499	-9.094223	0.000000	
51.600000	-27.503236	-9.104481	0.000000	
51.650000	-27.490009	-9.114770	0.000000	
51.700000	-27.476822	-9.125094	0.000000	
51.750000	-27.463664	-9.135445	0.000000	
51.800000	-27.450532	-9.145818	0.000000	
51.850000	-27.437432	-9.156221	0.000000	
51.900000	-27.424386	-9.166672	0.000000	
51.950000	-27.411378	-9.177157	0.000000	
52.000000	-27.398392	-9.187661	0.000000	
52.050000	-27.385440	-9.198197	0.000000	
52.100000	-27.372505	-9.208748	0.000000	
52.150000	-27.359593	-9.219320	0.000000	
52.200000	-27.346698	-9.229907	0.000000	
52.250000	-27.333806	-9.240498	0.000000	
52.300000	-27.320926	-9.251099	0.000000	
52.350000	-27.308052	-9.261706	0.000000	
52.400000	-27.295187	-9.272320	0.000000	
52.450000	-27.282337	-9.282949	0.000000	
52.500000	-27.269502	-9.293589	0.000000	
52.550000	-27.256673	-9.304236	0.000000	
52.600000	-27.243838	-9.314877	0.000000	
52.650000	-27.230983	-9.325501	0.000000	
52.700000	-27.218098	-9.336099	0.000000	
52.750000	-27.205187	-9.346676	0.000000	
52.800000	-27.192253	-9.357231	0.000000	
52.850000	-27.179298	-9.367769	0.000000	
52.900000	-27.166326	-9.378292	0.000000	
52.950000	-27.153314	-9.388780	0.000000	
53.000000	-27.140277	-9.399246	0.000000	
53.050000	-27.127226	-9.409701	0.000000	
53.100000	-27.114150	-9.420134	0.000000	
53.150000	-27.101066	-9.430559	0.000000	
53.200000	-27.087982	-9.440985	0.000000	
53.250000	-27.074898	-9.451411	0.000000	
53.300000	-27.061807	-9.461831	0.000000	
53.350000	-27.048685	-9.472224	0.000000	
53.400000	-27.035533	-9.482590	0.000000	
53.450000	-27.022344	-9.492922	0.000000	
53.500000	-27.009108	-9.503213	0.000000	
53.550000	-26.995828	-9.513466	0.000000	
53.600000	-26.982511	-9.523686	0.000000	
53.650000	-26.969168	-9.533883	0.000000	
53.700000	-26.955799	-9.544058	0.000000	
53.750000	-26.942413	-9.554216	0.000000	
53.800000	-26.929004	-9.564353	0.000000	
53.850000	-26.915579	-9.574476	0.000000	
53.900000	-26.902136	-9.584582	0.000000	
53.950000	-26.888667	-9.594665	0.000000	
54.000000	-26.875194	-9.604744	0.000000	
54.050000	-26.861701	-9.614804	0.000000	
54.100000	-26.848193	-9.624851	0.000000	
54.150000	-26.834672	-9.634887	0.000000	
54.200000	-26.821132	-9.644905	0.000000	
54.250000	-26.807568	-9.654901	0.000000	
54.300000	-26.793970	-9.664866	0.000000	
54.350000	-26.780341	-9.674803	0.000000	
54.400000	-26.766699	-9.684726	0.000000	
54.450000	-26.753047	-9.694640	0.000000	
54.500000	-26.739389	-9.704549	0.000000	
54.550000	-26.725725	-9.714451	0.000000	
54.600000	-26.712050	-9.724345	0.000000	
54.650000	-26.698377	-9.734238	0.000000	
54.700000	-26.684711	-9.744140	0.000000	
54.750000	-26.671055	-9.754049	0.000000	
54.800000	-26.657409	-9.763969	0.000000	
54.850000	-26.643787	-9.773910	0.000000	
54.900000	-26.630176	-9.783862	0.000000	
54.950000	-26.616569	-9.793818	0.000000	
55.000000	-26.602971	-9.803782	0.000000	
55.050000	-26.589363	-9.813736	0.000000	
55.100000	-26.575750	-9.823685	0.000000	
55.150000	-26.562127	-9.833626	0.000000	
55.200000	-26.548487	-9.843551	0.000000	
55.250000	-26.534836	-9.853464	0.000000	
55.300000	-26.521161	-9.863354	0.000000	
55.350000	-26.507478	-9.873238	0.000000	
55.400000	-26.493792	-9.883117	0.000000	
55.450000	-26.480093	-9.892984	0.000000	
55.500000	-26.466379	-9.902837	0.000000	
55.550000	-26.452654	-9.912679	0.000000	
55.600000	-26.438921	-9.922513	0.000000	
55.650000	-26.425178	-9.932338	0.000000	
55.700000	-26.411415	-9.942145	0.000000	
55.750000	-26.397628	-9.951929	0.000000	
55.800000	-26.383820	-9.961693	0.000000	
55.850000	-26.369977	-9.971423	0.000000	
55.900000	-26.356082	-9.981105	0.000000	
55.950000	-26.342146	-9.990747	0.000000	
56.000000	-26.328174	-10.000354	0.000000	
56.050000	-26.314172	-10.009933	0.000000	
56.100000	-26.300159	-10.019501	0.000000	
56.150000	-26.286141	-10.029063	0.000000	
56.200000	-26.272107	-10.038611	0.000000	
56.250000	-26.258063	-10.048149	0.000000	
56.300000	-26.244010	-10.057678	0.000000	
56.350000	-26.229949	-10.067199	0.000000	
56.400000	-26.215869	-10.076700	0.000000	
56.450000	-26.201775	-10.086188	0.000000	
56.500000	-26.187673	-10.095667	0.000000	
56.550000	-26.173558	-10.105133	0.000000	
56.600000	-26.159435	-10.114591	0.000000	
56.650000	-26.145289	-10.124025	0.000000	
56.700000	-26.131117	-10.133433	0.000000	
56.750000	-26.116930	-10.142827	0.000000	
56.800000	-26.102727	-10.152203	0.000000	
56.850000	-26.088506	-10.161562	0.000000	
56.900000	-26.074289	-10.170925	0.000000	
56.950000	-26.060089	-10.180304	0.000000	
57.000000	-26.045916	-10.189708	0.000000	
57.050000	-26.031764	-10.199132	0.000000	
57.100000	-26.017635	-10.208579	0.000000	
57.150000	-26.003511	-10.218030	0.000000	
57.200000	-25.989401	-10.227494	0.000000	
57.250000	-25.975314	-10.236979	0.000000	
57.300000	-25.961254	-10.246489	0.000000	
57.350000	-25.947214	-10.256018	0.000000	
57.400000	-25.933209	-10.265580	0.000000	
57.450000	-25.919241	-10.275178	0.000000	
57.500000	-25.905301	-10.284803	0.000000	
57.550000	-25.891383	-10.294448	0.000000	
57.600000	-25.877490	-10.304118	0.000000	
57.650000	-25.863616	-10.313805	0.000000	
57.700000	-25.849761	-10.323511	0.000000	
57.750000	-25.835913	-10.333224	0.000000	
57.800000	-25.822062	-10.342931	0.000000	
57.850000	-25.808206	-10.352634	0.000000	
57.900000	-25.794341	-10.362328	0.000000	
57.950000	-25.780455	-10.371999	0.000000	
58.000000	-25.766534	-10.381634	0.000000	
58.050000	-25.752572	-10.391227	0.000000	
58.100000	-25.738562	-10.400770	0.000000	
58.150000	-25.724501	-10.410262	0.000000	
58.200000	-25.710405	-10.419717	0.000000	
58.250000	-25.696273	-10.429137	0.000000	
58.300000	-25.682108	-10.438524	0.000000	
58.350000	-25.667924	-10.447892	0.000000	
58.400000	-25.653720	-10.457241	0.000000	
58.450000	-25.639495	-10.466568	0.000000	
58.500000	-25.625250	-10.475876	0.000000	
58.550000	-25.610983	-10.485161	0.000000	
58.600000	-25.596699	-10.494429	0.000000	
58.650000	-25.582389	-10.503671	0.000000	
58.700000	-25.568057	-10.512891	0.000000	
58.750000	-25.553702	-10.522086	0.000000	
58.800000	-25.539336	-10.531270	0.000000	
58.850000	-25.524982	-10.540464	0.000000	
58.900000	-25.510679	-10.549707	0.000000	
58.950000	-25.496484	-10.559048	0.000000	
59.000000	-25.482459	-10.568535	0.000000	
59.050000	-25.468695	-10.578231	0.000000	
59.100000	-25.455277	-10.588178	0.000000	
59.150000	-25.442309	-10.598429	0.000000	
59.200000	-25.429912	-10.609019	0.000000	
59.250000	-25.418184	-10.619962	0.000000	
59.300000	-25.407224	-10.631259	0.000000	
59.350000	-25.397130	-10.642906	0.000000	
59.400000	-25.388014	-10.654887	0.000000	
59.450000	-25.379994	-10.667185	0.000000	
59.500000	-25.373145	-10.679771	0.000000	
59.550000	-25.367547	-10.692622	0.000000	
59.600000	-25.363281	-10.705722	0.000000	
59.650000	-25.360409	-10.719038	0.000000	
59.700000	-25.358990	-10.732551	0.000000	
59.750000	-25.359077	-10.746221	0.000000	
59.800000	-25.360713	-10.760038	0.000000	
59.850000	-25.363937	-10.773965	0.000000	
59.900000	-25.368753	-10.787962	0.000000	
59.950000	-25.375132	-10.801983	0.000000	
60.000000	-25.383058	-10.815963	0.000000	
60.050000	-25.392497	-10.829833	0.000000	
60.100000	-25.403364	-10.843540	0.000000	
60.150000	-25.415573	-10.857036	0.000000	
60.200000	-25.429020	-10.870288	0.000000	
60.250000	-25.443587	-10.883250	0.000000	
60.300000	-25.459179	-10.895891	0.000000	
60.350000	-25.475677	-10.908204	0.000000	
60.400000	-25.492987	-10.920177	0.000000	
60.450000	-25.510994	-10.931813	0.000000	
60.500000	-25.529586	-10.943131	0.000000	
60.550000	-25.548683	-10.954146	0.000000	
60.600000	-25.568214	-10.964881	0.000000	
60.650000	-25.588120	-10.975352	0.000000	
60.700000	-25.608346	-10.985581	0.000000	
60.750000	-25.628842	-10.995594	0.000000	
60.800000	-25.649558	-11.005423	0.000000	
60.850000	-25.670462	-11.015086	0.000000	
60.900000	-25.691511	-11.024616	0.000000	
60.950000	-25.712669	-11.034045	0.000000	
61.000000	-25.733924	-11.043385	0.000000	
61.050000	-25.755239	-11.052666	0.000000	
61.100000	-25.776583	-11.061920	0.000000	
61.150000	-25.797953	-11.071151	0.000000	
61.200000	-25.819342	-11.080364	0.000000	
61.250000	-25.840770	-11.089539	0.000000	
61.300000	-25.862225	-11.098689	0.000000	
61.350000	-25.883708	-11.107813	0.000000	
61.400000	-25.905222	-11.116905	0.000000	
61.450000	-25.926764	-11.125972	0.000000	
61.500000	-25.948320	-11.135023	0.000000	
61.550000	-25.969889	-11.144064	0.000000	
61.600000	-25.991473	-11.153088	0.000000	
61.650000	-26.013060	-11.162111	0.000000	
61.700000	-26.034640	-11.171141	0.000000	
61.750000	-26.056212	-11.180182	0.000000	
61.800000	-26.077784	-11.189222	0.000000	
61.850000	-26.099361	-11.198257	0.000000	
61.900000	-26.120929	-11.207303	0.000000	
61.950000	-26.142494	-11.216353	0.000000	
62.000000	-26.164078	-11.225383	0.000000	
62.050000	-26.185676	-11.234399	0.000000	
62.100000	-26.207298	-11.243389	0.000000	
62.150000	-26.228963	-11.252333	0.000000	
62.200000	-26.250685	-11.261217	0.000000	
62.250000	-26.272462	-11.270043	0.000000	
62.300000	-26.294276	-11.278829	0.000000	
62.350000	-26.316134	-11.287569	0.000000	
62.400000	-26.338021	-11.296279	0.000000	
62.450000	-26.359951	-11.304943	0.000000	
62.500000	-26.381917	-11.313569	0.000000	
62.550000	-26.403913	-11.322163	0.000000	
62.600000	-26.425942	-11.330723	0.000000	
62.650000	-26.447998	-11.339256	0.000000	
62.700000	-26.470079	-11.347763	0.000000	
62.750000	-26.492179	-11.356250	0.000000	
62.800000	-26.514304	-11.364713	0.000000	
62.850000	-26.536440	-11.373164	0.000000	
62.900000	-26.558574	-11.381619	0.000000	
62.950000	-26.580718	-11.390065	0.000000	
63.000000	-26.602863	-11.398512	0.000000	
63.050000	-26.624995	-11.406974	0.000000	
63.100000	-26.647130	-11.415433	0.000000	
63.150000	-26.669264	-11.423896	0.000000	
63.200000	-26.691389	-11.432371	0.000000	
63.250000	-26.713494	-11.440869	0.000000	
63.300000	-26.735593	-11.449376	0.000000	
63.350000	-26.757692	-11.457885	0.000000	
63.400000	-26.779789	-11.466398	0.000000	
63.450000	-26.801885	-11.474913	0.000000	
63.500000	-26.823969	-11.483443	0.000000	
63.550000	-26.846043	-11.491986	0.000000	
63.600000	-26.868122	-11.500526	0.000000	
63.650000	-26.890208	-11.509058	0.000000	
63.700000	-26.912296	-11.517591	0.000000	
63.750000	-26.934389	-11.526119	0.000000	
63.800000	-26.956495	-11.534635	0.000000	
63.850000	-26.978592	-11.543162	0.000000	
63.900000	-27.000688	-11.551693	0.000000	
63.950000	-27.022780	-11.560229	0.000000	
64.000000	-27.044857	-11.568783	0.000000	
64.050000	-27.066913	-11.577361	0.000000	
64.100000	-27.088959	-11.585953	0.000000	
64.150000	-27.110979	-11.594572	0.000000	
64.200000	-27.132971	-11.603224	0.000000	
64.250000	-27.154930	-11.611913	0.000000	
64.300000	-27.176861	-11.620633	0.000000	
64.350000	-27.198753	-11.629398	0.000000	
64.400000	-27.220618	-11.638193	0.000000	
64.450000	-27.242460	-11.647016	0.000000	
64.500000	-27.264277	-11.655869	0.000000	
64.550000	-27.286058	-11.664762	0.000000	
64.600000	-27.307811	-11.673687	0.000000	
64.650000	-27.329537	-11.682645	0.000000	
64.700000	-27.351243	-11.691627	0.000000	
64.750000	-27.372940	-11.700622	0.000000	
64.800000	-27.394623	-11.709635	0.000000	
64.850000	-27.416283	-11.718674	0.000000	
64.900000	-27.437934	-11.727727	0.000000	
64.950000	-27.459560	-11.736809	0.000000	
65.000000	-27.481165	-11.745915	0.000000	
65.050000	-27.502754	-11.755040	0.000000	
65.100000	-27.524339	-11.764172	0.000000	
65.150000	-27.545915	-11.773315	0.000000	
65.200000	-27.567478	-11.782472	0.000000	
65.250000	-27.589039	-11.791634	0.000000	
65.300000	-27.610611	-11.800788	0.000000	
65.350000	-27.632191	-11.809935	0.000000	
65.400000	-27.653780	-11.819075	0.000000	
65.450000	-27.675356	-11.828230	0.000000	
65.500000	-27.696913	-11.837405	0.000000	
65.550000	-27.718458	-11.846595	0.000000	
65.600000	-27.740014	-11.855776	0.000000	
65.650000	-27.761572	-11.864957	0.000000	
65.700000	-27.783117	-11.874151	0.000000	
65.750000	-27.804630	-11.883382	0.000000	
65.800000	-27.826096	-11.892660	0.000000	
65.850000	-27.847529	-11.901975	0.000000	
65.900000	-27.868919	-11.911332	0.000000	
65.950000	-27.890274	-11.920727	0.000000	
66.000000	-27.911594	-11.930159	0.000000	
66.050000	-27.932888	-11.939616	0.000000	
66.100000	-27.954166	-11.949092	0.000000	
66.150000	-27.975418	-11.958593	0.000000	
66.200000	-27.996626	-11.968138	0.000000	
66.250000	-28.017803	-11.977714	0.000000	
66.300000	-28.038940	-11.987330	0.000000	
66.350000	-28.060038	-11.996987	0.000000	
66.400000	-28.081082	-12.006697	0.000000	
66.450000	-28.102079	-12.016454	0.000000	
66.500000	-28.123050	-12.026239	0.000000	
66.550000	-28.143994	-12.036049	0.000000	
66.600000	-28.164922	-12.045877	0.000000	
66.650000	-28.185833	-12.055723	0.000000	
66.700000	-28.206729	-12.065586	0.000000	
66.750000	-28.227622	-12.075452	0.000000	
66.800000	-28.248527	-12.085308	0.000000	
66.850000	-28.269435	-12.095163	0.000000	
66.900000	-28.290340	-12.105023	0.000000	
66.950000	-28.311251	-12.114877	0.000000	
67.000000	-28.332155	-12.124740	0.000000	
67.050000	-28.353063	-12.134601	0.000000	
67.100000	-28.373980	-12.144454	0.000000	
67.150000	-28.394913	-12.154293	0.000000	
67.200000	-28.415878	-12.164103	0.000000	
67.250000	-28.436878	-12.173881	0.000000	
67.300000	-28.457916	-12.183623	0.000000	
67.350000	-28.478984	-12.193338	0.000000	
67.400000	-28.500061	-12.203047	0.000000	
67.450000	-28.521155	-12.212741	0.000000	
67.500000	-28.542260	-12.222427	0.000000	
67.550000	-28.563359	-12.232119	0.000000	
67.600000	-28.584450	-12.241821	0.000000	
67.650000	-28.605528	-12.251537	0.000000	
67.700000	-28.626584	-12.261276	0.000000	
67.750000	-28.647624	-12.271032	0.000000	
67.800000	-28.668636	-12.280818	0.000000	
67.850000	-28.689604	-12.290647	0.000000	
67.900000	-28.710538	-12.300510	0.000000	
67.950000	-28.731450	-12.310397	0.000000	
68.000000	-28.752326	-12.320317	0.000000	
68.050000	-28.773169	-12.330271	0.000000	
68.100000	-28.793980	-12.340254	0.000000	
68.150000	-28.814736	-12.350291	0.000000	
68.200000	-28.835428	-12.360388	0.000000	
68.250000	-28.856053	-12.370550	0.000000	
68.300000	-28.876612	-12.380775	0.000000	
68.350000	-28.897102	-12.391066	0.000000	
68.400000	-28.917540	-12.401408	0.000000	
68.450000	-28.937932	-12.411792	0.000000	
68.500000	-28.958284	-12.422216	0.000000	
68.550000	-28.978613	-12.432663	0.000000	
68.600000	-28.998931	-12.443121	0.000000	
68.650000	-29.019247	-12.453584	0.000000	
68.700000	-29.039564	-12.464048	0.000000	
68.750000	-29.059879	-12.474515	0.000000	
68.800000	-29.080183	-12.484995	0.000000	
68.850000	-29.100474	-12.495488	0.000000	
68.900000	-29.120771	-12.505977	0.000000	
68.950000	-29.141072	-12.516465	0.000000	
69.000000	-29.161375	-12.526953	0.000000	
69.050000	-29.181695	-12.537426	0.000000	
69.100000	-29.202037	-12.547881	0.000000	
69.150000	-29.222404	-12.558316	0.000000	
69.200000	-29.242819	-12.568708	0.000000	
69.250000	-29.263278	-12.579062	0.000000	
69.300000	-29.283777	-12.589382	0.000000	
69.350000	-29.304314	-12.599668	0.000000	
69.400000	-29.324899	-12.609914	0.000000	
69.450000	-29.345517	-12.620131	0.000000	
69.500000	-29.366175	-12.630313	0.000000	
69.550000	-29.386864	-12.640469	0.000000	
69.600000	-29.407582	-12.650599	0.000000	
69.650000	-29.428320	-12.660713	0.000000	
69.700000	-29.449073	-12.670814	0.000000	
69.750000	-29.469838	-12.680906	0.000000	
69.800000	-29.490608	-12.690994	0.000000	
69.850000	-29.511381	-12.701082	0.000000	
69.900000	-29.532177	-12.711149	0.000000	
69.950000	-29.552979	-12.721214	0.000000	
70.000000	-29.573788	-12.731273	0.000000	
70.050000	-29.594592	-12.741339	0.000000	
70.100000	-29.615396	-12.751408	0.000000	
70.150000	-29.636206	-12.761472	0.000000	
70.200000	-29.657015	-12.771539	0.000000	
70.250000	-29.677818	-12.781614	0.000000	
70.300000	-29.698609	-12.791702	0.000000	
70.350000	-29.719382	-12.801809	0.000000	
70.400000	-29.740147	-12.811925	0.000000	
70.450000	-29.760896	-12.822057	0.000000	
70.500000	-29.781653	-12.832184	0.000000	
70.550000	-29.802398	-12.842323	0.000000	
70.600000	-29.823131	-12.852475	0.000000	
70.650000	-29.843827	-12.862662	0.000000	
70.700000	-29.864489	-12.872882	0.000000	
70.750000	-29.885132	-12.883122	0.000000	
70.800000	-29.905754	-12.893382	0.000000	
70.850000	-29.926365	-12.903654	0.000000	
70.900000	-29.946959	-12.913943	0.000000	
70.950000	-29.967522	-12.924261	0.000000	
71.000000	-29.988056	-12.934608	0.000000	
71.050000	-30.008573	-12.944970	0.000000	
71.100000	-30.029094	-12.955330	0.000000	
71.150000	-30.049611	-12.965694	0.000000	
71.200000	-30.070127	-12.976061	0.000000	
71.250000	-30.090636	-12.986435	0.000000	
71.300000	-30.111133	-12.996822	0.000000	
71.350000	-30.131616	-13.007221	0.000000	
71.400000	-30.152101	-13.017621	0.000000	
71.450000	-30.172586	-13.028023	0.000000	
71.500000	-30.193078	-13.038419	0.000000	
71.550000	-30.213554	-13.048832	0.000000	
71.600000	-30.234027	-13.059249	0.000000	
71.650000	-30.254514	-13.069654	0.000000	
71.700000	-30.275019	-13.080045	0.000000	
71.750000	-30.295539	-13.090423	0.000000	
71.800000	-30.316066	-13.100797	0.000000	
71.850000	-30.336584	-13.111179	0.000000	
71.900000	-30.357089	-13.121574	0.000000	
71.950000	-30.377597	-13.131968	0.000000	
72.000000	-30.398122	-13.142346	0.000000	
72.050000	-30.418677	-13.152698	0.000000	
72.100000	-30.439242	-13.163043	0.000000	
72.150000	-30.459799	-13.173395	0.000000	
72.200000	-30.480345	-13.183758	0.000000	
72.250000	-30.500871	-13.194139	0.000000	
72.300000	-30.521368	-13.204548	0.000000	
72.350000	-30.541841	-13.214976	0.000000	
72.400000	-30.562305	-13.225415	0.000000	
72.450000	-30.582744	-13.235874	0.000000	
72.500000	-30.603168	-13.246348	0.000000	
72.550000	-30.623574	-13.256838	0.000000	
72.600000	-30.643976	-13.267332	0.000000	
72.650000	-30.664374	-13.277829	0.000000	
72.700000	-30.684767	-13.288332	0.000000	
72.750000	-30.705151	-13.298842	0.000000	
72.800000	-30.725519	-13.309367	0.000000	
72.850000	-30.745856	-13.319919	0.000000	
72.900000	-30.766172	-13.330490	0.000000	
72.950000	-30.786463	-13.341082	0.000000	
73.000000	-30.806740	-13.351685	0.000000	
73.050000	-30.827001	-13.362304	0.000000	
73.100000	-30.847249	-13.372934	0.000000	
73.150000	-30.867499	-13.383563	0.000000	
73.200000	-30.887760	-13.394182	0.000000	
73.250000	-30.908043	-13.404780	0.000000	
73.300000	-30.928363	-13.415345	0.000000	
73.350000	-30.948736	-13.425861	0.000000	
73.400000	-30.969151	-13.436340	0.000000	
73.450000	-30.989599	-13.446787	0.000000	
73.500000	-31.010102	-13.457186	0.000000	
73.550000	-31.030659	-13.467534	0.000000	
73.600000	-31.051273	-13.477827	0.000000	
73.650000	-31.071945	-13.488063	0.000000	
73.700000	-31.092682	-13.498237	0.000000	
73.750000	-31.113475	-13.508357	0.000000	
73.800000	-31.134323	-13.518424	0.000000	
73.850000	-31.155239	-13.528427	0.000000	
73.900000	-31.176233	-13.538358	0.000000	
73.950000	-31.197292	-13.548230	0.000000	
74.000000	-31.218419	-13.558040	0.000000	
74.050000	-31.239591	-13.567808	0.000000	
74.100000	-31.260790	-13.577553	0.000000	
74.150000	-31.282016	-13.587272	0.000000	
74.200000	-31.303264	-13.596972	0.000000	
74.250000	-31.324525	-13.606660	0.000000	
74.300000	-31.345786	-13.616348	0.000000	
74.350000	-31.367040	-13.626043	0.000000	
74.400000	-31.388274	-13.635756	0.000000	
74.450000	-31.409507	-13.645471	0.000000	
74.500000	-31.430739	-13.655187	0.000000	
74.550000	-31.451961	-13.664913	0.000000	
74.600000	-31.473173	-13.674648	0.000000	
74.650000	-31.494351	-13.684417	0.000000	
74.700000	-31.515487	-13.694227	0.000000	
74.750000	-31.536568	-13.704092	0.000000	
74.800000	-31.557597	-13.714008	0.000000	
74.850000	-31.578584	-13.723964	0.000000	
74.900000	-31.599531	-13.733960	0.000000	
74.950000	-31.620449	-13.743984	0.000000	
75.000000	-31.641355	-13.754021	0.000000	
75.050000	-31.662249	-13.764071	0.000000	
75.100000	-31.683139	-13.774124	0.000000	
75.150000	-31.704036	-13.784171	0.000000	
75.200000	-31.724945	-13.794206	0.000000	
75.250000	-31.745870	-13.804227	0.000000	
75.300000	-31.766825	-13.814220	0.000000	
75.350000	-31.787811	-13.824183	0.000000	
75.400000	-31.808829	-13.834117	0.000000	
75.450000	-31.829887	-13.844011	0.000000	
75.500000	-31.850985	-13.853867	0.000000	
75.550000	-31.872127	-13.863681	0.000000	
75.600000	-31.893308	-13.873457	0.000000	
75.650000	-31.914512	-13.883210	0.000000	
75.700000	-31.935759	-13.892922	0.000000	
75.750000	-31.957054	-13.902588	0.000000	
75.800000	-31.978408	-13.912196	0.000000	
75.850000	-31.999831	-13.921737	0.000000	
75.900000	-32.021332	-13.931201	0.000000	
75.950000	-32.042901	-13.940598	0.000000	
76.000000	-32.064515	-13.949951	0.000000	
76.050000	-32.086178	-13.959257	0.000000	
76.100000	-32.107882	-13.968522	0.000000	
76.150000	-32.129628	-13.977747	0.000000	
76.200000	-32.151409	-13.986937	0.000000	
76.250000	-32.173213	-13.996106	0.000000	
76.300000	-32.195040	-14.005254	0.000000	
76.350000	-32.216883	-14.014385	0.000000	
76.400000	-32.238738	-14.023506	0.000000	
76.450000	-32.260602	-14.032619	0.000000	
76.500000	-32.282481	-14.041717	0.000000	
76.550000	-32.304373	-14.050804	0.000000	
76.600000	-32.326267	-14.059890	0.000000	
76.650000	-32.348161	-14.068978	0.000000	
76.700000	-32.370046	-14.078075	0.000000	
76.750000	-32.391918	-14.087188	0.000000	
76.800000	-32.413770	-14.096323	0.000000	
76.850000	-32.435596	-14.105486	0.000000	
76.900000	-32.457385	-14.114689	0.000000	
76.950000	-32.479113	-14.123956	0.000000	
77.000000	-32.500781	-14.133284	0.000000	
77.050000	-32.522412	-14.142652	0.000000	
77.100000	-32.543995	-14.152069	0.000000	
77.150000	-32.565539	-14.161527	0.000000	
77.200000	-32.587044	-14.171025	0.000000	
77.250000	-32.608508	-14.180565	0.000000	
77.300000	-32.629929	-14.190148	0.000000	
77.350000	-32.651295	-14.199787	0.000000	
77.400000	-32.672602	-14.209484	0.000000	
77.450000	-32.693855	-14.219233	0.000000	
77.500000	-32.715050	-14.229039	0.000000	
77.550000	-32.736183	-14.238907	0.000000	
77.600000	-32.757239	-14.248849	0.000000	
77.650000	-32.778236	-14.258851	0.000000	
77.700000	-32.799189	-14.268897	0.000000	
77.750000	-32.820104	-14.278981	0.000000	
77.800000	-32.840993	-14.289092	0.000000	
77.850000	-32.861867	-14.299217	0.000000	
77.900000	-32.882729	-14.309358	0.000000	
77.950000	-32.903572	-14.319516	0.000000	
78.000000	-32.924399	-14.329692	0.000000	
78.050000	-32.945208	-14.339885	0.000000	
78.100000	-32.965995	-14.350100	0.000000	
78.150000	-32.986773	-14.360325	0.000000	
78.200000	-33.007549	-14.370553	0.000000	
78.250000	-33.028315	-14.380792	0.000000	
78.300000	-33.049072	-14.391041	0.000000	
78.350000	-33.069824	-14.401295	0.000000	
78.400000	-33.090574	-14.411553	0.000000	
78.450000	-33.111315	-14.421820	0.000000	
78.500000	-33.132043	-14.432100	0.000000	
78.550000	-33.152773	-14.442380	0.000000	
78.600000	-33.173505	-14.452659	0.000000	
78.650000	-33.194249	-14.462930	0.000000	
78.700000	-33.214983	-14.473210	0.000000	
78.750000	-33.235712	-14.483496	0.000000	
78.800000	-33.256448	-14.493777	0.000000	
78.850000	-33.277181	-14.504062	0.000000	
78.900000	-33.297898	-14.514363	0.000000	
78.950000	-33.318607	-14.524673	0.000000	
79.000000	-33.339306	-14.534994	0.000000	
79.050000	-33.360014	-14.545307	0.000000	
79.100000	-33.380742	-14.555604	0.000000	
79.150000	-33.401493	-14.565880	0.000000	
79.200000	-33.422271	-14.576131	0.000000	
79.250000	-33.443055	-14.586378	0.000000	
79.300000	-33.463866	-14.596600	0.000000	
79.350000	-33.484707	-14.606795	0.000000	
79.400000	-33.505578	-14.616963	0.000000	
79.450000	-33.526486	-14.627096	0.000000	
79.500000	-33.547429	-14.637199	0.000000	
79.550000	-33.568414	-14.647264	0.000000	
79.600000	-33.589446	-14.657287	0.000000	
79.650000	-33.610507	-14.667282	0.000000	
79.700000	-33.631608	-14.677241	0.000000	
79.750000	-33.652768	-14.687145	0.000000	
79.800000	-33.673972	-14.697008	0.000000	
79.850000	-33.695219	-14.706829	0.000000	
79.900000	-33.716505	-14.716614	0.000000	
79.950000	-33.737821	-14.726370	0.000000	
80.000000	-33.759170	-14.736096	0.000000	
80.050000	-33.780547	-14.745795	0.000000	
80.100000	-33.801938	-14.755484	0.000000	
80.150000	-33.823336	-14.765166	0.000000	
80.200000	-33.844737	-14.774845	0.000000	
80.250000	-33.866124	-14.784540	0.000000	
80.300000	-33.887516	-14.794231	0.000000	
80.350000	-33.908895	-14.803935	0.000000	
80.400000	-33.930263	-14.813652	0.000000	
80.450000	-33.951623	-14.823377	0.000000	
80.500000	-33.972990	-14.833096	0.000000	
80.550000	-33.994368	-14.842806	0.000000	
80.600000	-34.015748	-14.852514	0.000000	
80.650000	-34.037108	-14.862243	0.000000	
80.700000	-34.058447	-14.871993	0.000000	
80.750000	-34.079759	-14.881769	0.000000	
80.800000	-34.101038	-14.891579	0.000000	
80.850000	-34.122275	-14.901430	0.000000	
80.900000	-34.143448	-14.911343	0.000000	
80.950000	-34.164556	-14.921317	0.000000	
81.000000	-34.185598	-14.931355	0.000000	
81.050000	-34.206567	-14.941460	0.000000	
81.100000	-34.227485	-14.951613	0.000000	
81.150000	-34.248354	-14.961811	0.000000	
81.200000	-34.269182	-14.972048	0.000000	
81.250000	-34.289968	-14.982325	0.000000	
81.300000	-34.310708	-14.992644	0.000000	
81.350000	-34.331397	-15.003011	0.000000	
81.400000	-34.352037	-15.013422	0.000000	
81.450000	-34.372640	-15.023868	0.000000	
81.500000	-34.393210	-15.034347	0.000000	
81.550000	-34.413742	-15.044863	0.000000	
81.600000	-34.434234	-15.055416	0.000000	
81.650000	-34.454678	-15.066015	0.000000	
81.700000	-34.475076	-15.076654	0.000000	
81.750000	-34.495440	-15.087326	0.000000	
81.800000	-34.515773	-15.098026	0.000000	
81.850000	-34.536071	-15.108757	0.000000	
81.900000	-34.556350	-15.119506	0.000000	
81.950000	-34.576630	-15.130255	0.000000	
82.000000	-34.596924	-15.140992	0.000000	
82.050000	-34.617251	-15.151700	0.000000	
82.100000	-34.637603	-15.162387	0.000000	
82.150000	-34.657958	-15.173071	0.000000	
82.200000	-34.678317	-15.183754	0.000000	
82.250000	-34.698674	-15.194437	0.000000	
82.300000	-34.719032	-15.205120	0.000000	
82.350000	-34.739411	-15.215785	0.000000	
82.400000	-34.759812	-15.226431	0.000000	
82.450000	-34.780233	-15.237059	0.000000	
82.500000	-34.800666	-15.247678	0.000000	
82.550000	-34.821092	-15.258302	0.000000	
82.600000	-34.841493	-15.268948	0.000000	
82.650000	-34.861887	-15.279601	0.000000	
82.700000	-34.882279	-15.290254	0.000000	
82.750000	-34.902689	-15.300893	0.000000	
82.800000	-34.923105	-15.311526	0.000000	
82.850000	-34.943524	-15.322156	0.000000	
82.900000	-34.963947	-15.332782	0.000000	
82.950000	-34.984379	-15.343402	0.000000	
83.000000	-35.004806	-15.354024	0.000000	
83.050000	-35.025216	-15.364662	0.000000	
83.100000	-35.045589	-15.375331	0.000000	
83.150000	-35.065948	-15.386013	0.000000	
83.200000	-35.086305	-15.396696	0.000000	
83.250000	-35.106682	-15.407362	0.000000	
83.300000	-35.127087	-15.418003	0.000000	
83.350000	-35.147511	-15.428627	0.000000	
83.400000	-35.167949	-15.439238	0.000000	
83.450000	-35.188408	-15.449829	0.000000	
83.500000	-35.208897	-15.460393	0.000000	
83.550000	-35.229405	-15.470938	0.000000	
83.600000	-35.249942	-15.481457	0.000000	
83.650000	-35.270507	-15.491951	0.000000	
83.700000	-35.291103	-15.502418	0.000000	
83.750000	-35.311735	-15.512852	0.000000	
83.800000	-35.332382	-15.523273	0.000000	
83.850000	-35.353045	-15.533679	0.000000	
83.900000	-35.373724	-15.544072	0.000000	
83.950000	-35.394420	-15.554449	0.000000	
84.000000	-35.415135	-15.564808	0.000000	
84.050000	-35.435874	-15.575146	0.000000	
84.100000	-35.456653	-15.585447	0.000000	
84.150000	-35.477489	-15.595697	0.000000	
84.200000	-35.498380	-15.605897	0.000000	
84.250000	-35.519326	-15.616044	0.000000	
84.300000	-35.540306	-15.626160	0.000000	
84.350000	-35.561296	-15.636267	0.000000	
84.400000	-35.582302	-15.646358	0.000000	
84.450000	-35.603308	-15.656449	0.000000	
84.500000	-35.624307	-15.666547	0.000000	
84.550000	-35.645303	-15.676647	0.000000	
84.600000	-35.666307	-15.686739	0.000000	
84.650000	-35.687313	-15.696829	0.000000	
84.700000	-35.708331	-15.706907	0.000000	
84.750000	-35.729354	-15.716980	0.000000	
84.800000	-35.750379	-15.727052	0.000000	
84.850000	-35.771412	-15.737115	0.000000	
84.900000	-35.792450	-15.747174	0.000000	
84.950000	-35.813499	-15.757223	0.000000	
85.000000	-35.834562	-15.767258	0.000000	
85.050000	-35.855637	-15.777281	0.000000	
85.100000	-35.876730	-15.787288	0.000000	
85.150000	-35.897839	-15.797277	0.000000	
85.200000	-35.918958	-15.807256	0.000000	
85.250000	-35.940069	-15.817243	0.000000	
85.300000	-35.961158	-15.827251	0.000000	
85.350000	-35.982250	-15.837254	0.000000	
85.400000	-36.003361	-15.847240	0.000000	
85.450000	-36.024481	-15.857216	0.000000	
85.500000	-36.045624	-15.867172	0.000000	
85.550000	-36.066782	-15.877111	0.000000	
85.600000	-36.087964	-15.887027	0.000000	
85.650000	-36.109168	-15.896923	0.000000	
85.700000	-36.130412	-15.906778	0.000000	
85.750000	-36.151694	-15.916595	0.000000	
85.800000	-36.173026	-15.926362	0.000000	
85.850000	-36.194406	-15.936082	0.000000	
85.900000	-36.215841	-15.945747	0.000000	
85.950000	-36.237333	-15.955357	0.000000	
86.000000	-36.258861	-15.964933	0.000000	
86.050000	-36.280424	-15.974476	0.000000	
86.100000	-36.302012	-15.983995	0.000000	
86.150000	-36.323606	-15.993509	0.000000	
86.200000	-36.345204	-16.003019	0.000000	
86.250000	-36.366807	-16.012526	0.000000	
86.300000	-36.388430	-16.022013	0.000000	
86.350000	-36.410074	-16.031479	0.000000	
86.400000	-36.431739	-16.040927	0.000000	
86.450000	-36.453429	-16.050348	0.000000	
86.500000	-36.475148	-16.059742	0.000000	
86.550000	-36.496890	-16.069114	0.000000	
86.600000	-36.518645	-16.078474	0.000000	
86.650000	-36.540393	-16.087841	0.000000	
86.700000	-36.562127	-16.097223	0.000000	
86.750000	-36.583829	-16.106639	0.000000	
86.800000	-36.605496	-16.116089	0.000000	
86.850000	-36.627110	-16.125593	0.000000	
86.900000	-36.648683	-16.135140	0.000000	
86.950000	-36.670236	-16.144708	0.000000	
87.000000	-36.691800	-16.154265	0.000000	
87.050000	-36.713424	-16.163759	0.000000	
87.100000	-36.735143	-16.173145	0.000000	
87.150000	-36.757010	-16.182350	0.000000	
87.200000	-36.779078	-16.191297	0.000000	
87.250000	-36.801373	-16.199932	0.000000	
87.300000	-36.823927	-16.208183	0.000000	
87.350000	-36.846762	-16.215985	0.000000	
87.400000	-36.869909	-16.223242	0.000000	
87.450000	-36.893374	-16.229896	0.000000	
87.500000	-36.917161	-16.235866	0.000000	
87.550000	-36.941281	-16.241086	0.000000	
87.600000	-36.965740	-16.245487	0.000000	
87.650000	-36.990542	-16.248974	0.000000	
87.700000	-37.015693	-16.251474	0.000000	
87.750000	-37.041186	-16.252915	0.000000	
87.800000	-37.067023	-16.253252	0.000000	
87.850000	-37.093192	-16.252428	0.000000	
87.900000	-37.119689	-16.250398	0.000000	
87.950000	-37.146502	-16.247150	0.000000	
88.000000	-37.173595	-16.242668	0.000000	
88.050000	-37.200940	-16.236958	0.000000	
88.100000	-37.228490	-16.230037	0.000000	
88.150000	-37.256199	-16.221935	0.000000	
88.200000	-37.284012	-16.212712	0.000000	
88.250000	-37.311890	-16.202433	0.000000	
88.300000	-37.339800	-16.191157	0.000000	
88.350000	-37.367712	-16.178961	0.000000	
88.400000	-37.395593	-16.165903	0.000000	
88.450000	-37.423415	-16.152079	0.000000	
88.500000	-37.451171	-16.137573	0.000000	
88.550000	-37.478846	-16.122476	0.000000	
88.600000	-37.506437	-16.106854	0.000000	
88.650000	-37.533942	-16.090770	0.000000	
88.700000	-37.561366	-16.074325	0.000000	
88.750000	-37.588712	-16.057570	0.000000	
88.800000	-37.615984	-16.040562	0.000000	
88.850000	-37.643186	-16.023329	0.000000	
88.900000	-37.670338	-16.005942	0.000000	
88.950000	-37.697445	-15.988427	0.000000	
89.000000	-37.724509	-15.970792	0.000000	
89.050000	-37.751542	-15.953077	0.000000	
89.100000	-37.778546	-15.935290	0.000000	
89.150000	-37.805536	-15.917464	0.000000	
89.200000	-37.832512	-15.899606	0.000000	
89.250000	-37.859475	-15.881712	0.000000	
89.300000	-37.886415	-15.863768	0.000000	
89.350000	-37.913329	-15.845763	0.000000	
89.400000	-37.940221	-15.827707	0.000000	
89.450000	-37.967101	-15.809623	0.000000	
89.500000	-37.993975	-15.791520	0.000000	
89.550000	-38.020830	-15.773373	0.000000	
89.600000	-38.047663	-15.755172	0.000000	
89.650000	-38.074469	-15.736908	0.000000	
89.700000	-38.101241	-15.718565	0.000000	
89.750000	-38.127979	-15.700141	0.000000	
89.800000	-38.154692	-15.681659	0.000000	
89.850000	-38.181387	-15.663134	0.000000	
89.900000	-38.208064	-15.644566	0.000000	
89.950000	-38.234713	-15.625931	0.000000	
90.000000	-38.261333	-15.607232	0.000000	
90.050000	-38.287927	-15.588475	0.000000	
90.100000	-38.314494	-15.569660	0.000000	
90.150000	-38.341034	-15.550784	0.000000	
90.200000	-38.367545	-15.531845	0.000000	
90.250000	-38.394036	-15.512860	0.000000	
90.300000	-38.420507	-15.493833	0.000000	
90.350000	-38.446973	-15.474792	0.000000	
90.400000	-38.473436	-15.455744	0.000000	
90.450000	-38.499896	-15.436687	0.000000	
90.500000	-38.526348	-15.417609	0.000000	
90.550000	-38.552792	-15.398510	0.000000	
90.600000	-38.579222	-15.379382	0.000000	
90.650000	-38.605640	-15.360225	0.000000	
90.700000	-38.632046	-15.341043	0.000000	
90.750000	-38.658457	-15.321868	0.000000	
90.800000	-38.684862	-15.302678	0.000000	
90.850000	-38.711252	-15.283455	0.000000	
90.900000	-38.737621	-15.264188	0.000000	
90.950000	-38.763977	-15.244891	0.000000	
91.000000	-38.790327	-15.225582	0.000000	
91.050000	-38.816672	-15.206261	0.000000	
91.100000	-38.843021	-15.186944	0.000000	
91.150000	-38.869373	-15.167632	0.000000	
91.200000	-38.895727	-15.148322	0.000000	
91.250000	-38.922087	-15.129021	0.000000	
91.300000	-38.948449	-15.109721	0.000000	
91.350000	-38.974816	-15.090428	0.000000	
91.400000	-39.001180	-15.071126	0.000000	
91.450000	-39.027541	-15.051817	0.000000	
91.500000	-39.053902	-15.032505	0.000000	
91.550000	-39.080262	-15.013187	0.000000	
91.600000	-39.106617	-14.993857	0.000000	
91.650000	-39.132983	-14.974545	0.000000	
91.700000	-39.159357	-14.955249	0.000000	
91.750000	-39.185742	-14.935971	0.000000	
91.800000	-39.212124	-14.916686	0.000000	
91.850000	-39.238507	-14.897400	0.000000	
91.900000	-39.264900	-14.878132	0.000000	
91.950000	-39.291315	-14.858903	0.000000	
92.000000	-39.317745	-14.839703	0.000000	
92.050000	-39.344181	-14.820513	0.000000	
92.100000	-39.370623	-14.801331	0.000000	
92.150000	-39.397065	-14.782147	0.000000	
92.200000	-39.423503	-14.762952	0.000000	
92.250000	-39.449944	-14.743759	0.000000	
92.300000	-39.476377	-14.724549	0.000000	
92.350000	-39.502797	-14.705309	0.000000	
92.400000	-39.529207	-14.686049	0.000000	
92.450000	-39.555613	-14.666776	0.000000	
92.500000	-39.582017	-14.647498	0.000000	
92.550000	-39.608408	-14.628193	0.000000	
92.600000	-39.634792	-14.608870	0.000000	
92.650000	-39.661169	-14.589532	0.000000	
92.700000	-39.687536	-14.570168	0.000000	
92.750000	-39.713895	-14.550787	0.000000	
92.800000	-39.740252	-14.531401	0.000000	
92.850000	-39.766610	-14.512012	0.000000	
92.900000	-39.792967	-14.492620	0.000000	
92.950000	-39.819326	-14.473229	0.000000	
93.000000	-39.845677	-14.453821	0.000000	
93.050000	-39.872017	-14.434387	0.000000	
93.100000	-39.898356	-14.414948	0.000000	
93.150000	-39.924693	-14.395505	0.000000	
93.200000	-39.951022	-14.376042	0.000000	
93.250000	-39.977343	-14.356563	0.000000	
93.300000	-40.003651	-14.337058	0.000000	
93.350000	-40.029952	-14.317539	0.000000	
93.400000	-40.056252	-14.298014	0.000000	
93.450000	-40.082548	-14.278482	0.000000	
93.500000	-40.108833	-14.258927	0.000000	
93.550000	-40.135109	-14.239353	0.000000	
93.600000	-40.161383	-14.219774	0.000000	
93.650000	-40.187648	-14.200176	0.000000	
93.700000	-40.213894	-14.180542	0.000000	
93.750000	-40.240122	-14.160872	0.000000	
93.800000	-40.266336	-14.141172	0.000000	
93.850000	-40.292525	-14.121425	0.000000	
93.900000	-40.318692	-14.101632	0.000000	
93.950000	-40.344845	-14.081813	0.000000	
94.000000	-40.370977	-14.061951	0.000000	
94.050000	-40.397085	-14.042044	0.000000	
94.100000	-40.423179	-14.022106	0.000000	
94.150000	-40.449252	-14.002126	0.000000	
94.200000	-40.475310	-13.982118	0.000000	
94.250000	-40.501367	-13.962105	0.000000	
94.300000	-40.527430	-13.942104	0.000000	
94.350000	-40.553513	-13.922137	0.000000	
94.400000	-40.579607	-13.902191	0.000000	
94.450000	-40.605721	-13.882282	0.000000	
94.500000	-40.631848	-13.862395	0.000000	
94.550000	-40.657995	-13.842544	0.000000	
94.600000	-40.684155	-13.822716	0.000000	
94.650000	-40.710322	-13.802901	0.000000	
94.700000	-40.736499	-13.783104	0.000000	
94.750000	-40.762691	-13.763331	0.000000	
94.800000	-40.788899	-13.743588	0.000000	
94.850000	-40.815125	-13.723876	0.000000	
94.900000	-40.841376	-13.704211	0.000000	
94.950000	-40.867659	-13.684606	0.000000	
95.000000	-40.893967	-13.665048	0.000000	
95.050000	-40.920295	-13.645525	0.000000	
95.100000	-40.946646	-13.626045	0.000000	
95.150000	-40.973027	-13.606623	0.000000	
95.200000	-40.999435	-13.587250	0.000000	
95.250000	-41.025865	-13.567917	0.000000	
95.300000	-41.052312	-13.548617	0.000000	
95.350000	-41.078778	-13.529352	0.000000	
95.400000	-41.105260	-13.510120	0.000000	
95.450000	-41.131761	-13.490924	0.000000	
95.500000	-41.158275	-13.471755	0.000000	
95.550000	-41.184816	-13.452639	0.000000	
95.600000	-41.211384	-13.433578	0.000000	
95.650000	-41.237981	-13.414575	0.000000	
95.700000	-41.264605	-13.395626	0.000000	
95.750000	-41.291263	-13.376747	0.000000	
95.800000	-41.317960	-13.357946	0.000000	
95.850000	-41.344686	-13.339205	0.000000	
95.900000	-41.371437	-13.320515	0.000000	
95.950000	-41.398216	-13.301882	0.000000	
96.000000	-41.425022	-13.283308	0.000000	
96.050000	-41.451854	-13.264789	0.000000	
96.100000	-41.478723	-13.246348	0.000000	
96.150000	-41.505621	-13.227971	0.000000	
96.200000	-41.532536	-13.209627	0.000000	
96.250000	-41.559470	-13.191325	0.000000	
96.300000	-41.586426	-13.173065	0.000000	
96.350000	-41.613406	-13.154857	0.000000	
96.400000	-41.640408	-13.136698	0.000000	
96.450000	-41.667434	-13.118588	0.000000	
96.500000	-41.694482	-13.100530	0.000000	
96.550000	-41.721559	-13.082536	0.000000	
96.600000	-41.748652	-13.064576	0.000000	
96.650000	-41.775755	-13.046637	0.000000	
96.700000	-41.802869	-13.028725	0.000000	
96.750000	-41.829998	-13.010842	0.000000	
96.800000	-41.857136	-12.992981	0.000000	
96.850000	-41.884283	-12.975136	0.000000	
96.900000	-41.911440	-12.957314	0.000000	
96.950000	-41.938605	-12.939510	0.000000	
97.000000	-41.965773	-12.921708	0.000000	
97.050000	-41.992938	-12.903898	0.000000	
97.100000	-42.020098	-12.886075	0.000000	
97.150000	-42.047246	-12.868221	0.000000	
97.200000	-42.074379	-12.850333	0.000000	
97.250000	-42.101500	-12.832416	0.000000	
97.300000	-42.128601	-12.814455	0.000000	
97.350000	-42.155689	-12.796464	0.000000	
97.400000	-42.182765	-12.778443	0.000000	
97.450000	-42.209820	-12.760374	0.000000	
97.500000	-42.236854	-12.742255	0.000000	
97.550000	-42.263873	-12.724098	0.000000	
97.600000	-42.290868	-12.705883	0.000000	
97.650000	-42.317846	-12.687627	0.000000	
97.700000	-42.344816	-12.669349	0.000000	
97.750000	-42.371776	-12.651047	0.000000	
97.800000	-42.398726	-12.632718	0.000000	
97.850000	-42.425667	-12.614365	0.000000	
97.900000	-42.452600	-12.595989	0.000000	
97.950000	-42.479519	-12.577581	0.000000	
98.000000	-42.506435	-12.559162	0.000000	
98.050000	-42.533350	-12.540736	0.000000	
98.100000	-42.560260	-12.522297	0.000000	
98.150000	-42.587168	-12.503853	0.000000	
98.200000	-42.614084	-12.485421	0.000000	
98.250000	-42.641016	-12.467023	0.000000	
98.300000	-42.667965	-12.448661	0.000000	
98.350000	-42.694935	-12.430339	0.000000	
98.400000	-42.721922	-12.412051	0.000000	
98.450000	-42.748919	-12.393783	0.000000	
98.500000	-42.775929	-12.375540	0.000000	
98.550000	-42.802943	-12.357304	0.000000	
98.600000	-42.829963	-12.339079	0.000000	
98.650000	-42.856994	-12.320874	0.000000	
98.700000	-42.884040	-12.302701	0.000000	
98.750000	-42.911099	-12.284555	0.000000	
98.800000	-42.938174	-12.266445	0.000000	
98.850000	-42.965265	-12.248370	0.000000	
98.900000	-42.992364	-12.230308	0.000000	
98.950000	-43.019468	-12.212256	0.000000	
99.000000	-43.046588	-12.194238	0.000000	
99.050000	-43.073717	-12.176236	0.000000	
99.100000	-43.100854	-12.158253	0.000000	
99.150000	-43.127998	-12.140279	0.000000	
99.200000	-43.155148	-12.122318	0.000000	
99.250000	-43.182298	-12.104354	0.000000	
99.300000	-43.209439	-12.086368	0.000000	
99.350000	-43.236576	-12.068367	0.000000	
99.400000	-43.263704	-12.050346	0.000000	
99.450000	-43.290822	-12.032300	0.000000	
99.500000	-43.317932	-12.014236	0.000000	
99.550000	-43.345041	-11.996165	0.000000	
99.600000	-43.372158	-11.978110	0.000000	
99.650000	-43.399273	-11.960046	0.000000	
99.700000	-43.426379	-11.941961	0.000000	
99.750000	-43.453474	-11.923850	0.000000	
99.800000	-43.480554	-11.905702	0.000000	
99.850000	-43.507608	-11.887491	0.000000	
99.900000	-43.534640	-11.869231	0.000000	
99.950000	-43.561651	-11.850924	0.000000	
100.000000	-43.588640	-11.832564	0.000000	
100.050000	-43.615604	-11.814150	0.000000	
100.100000	-43.642550	-11.795692	0.000000	
100.150000	-43.669476	-11.777186	0.000000	
100.200000	-43.696380	-11.758633	0.000000	
100.250000	-43.723270	-11.740044	0.000000	
100.300000	-43.750152	-11.721437	0.000000	
100.350000	-43.777028	-11.702813	0.000000	
100.400000	-43.803892	-11.684163	0.000000	
100.450000	-43.830749	-11.665497	0.000000	
100.500000	-43.857598	-11.646810	0.000000	
100.550000	-43.884442	-11.628113	0.000000	
100.600000	-43.911287	-11.609412	0.000000	
100.650000	-43.938128	-11.590704	0.000000	
100.700000	-43.964965	-11.571981	0.000000	
100.750000	-43.991803	-11.553259	0.000000	
100.800000	-44.018638	-11.534528	0.000000	
100.850000	-44.045464	-11.515777	0.000000	
100.900000	-44.072281	-11.497005	0.000000	
100.950000	-44.099081	-11.478197	0.000000	
101.000000	-44.125868	-11.459358	0.000000	
101.050000	-44.152644	-11.440498	0.000000	
101.100000	-44.179399	-11.421596	0.000000	
101.150000	-44.206135	-11.402654	0.000000	
101.200000	-44.232854	-11.383675	0.000000	
101.250000	-44.259569	-11.364687	0.000000	
101.300000	-44.286268	-11.345665	0.000000	
101.350000	-44.312941	-11.326589	0.000000	
101.400000	-44.339594	-11.307471	0.000000	
101.450000	-44.366227	-11.288310	0.000000	
101.500000	-44.392844	-11.269119	0.000000	
101.550000	-44.419453	-11.249910	0.000000	
101.600000	-44.446048	-11.230672	0.000000	
101.650000	-44.472625	-11.211395	0.000000	
101.700000	-44.499172	-11.192056	0.000000	
101.750000	-44.525701	-11.172679	0.000000	
101.800000	-44.552220	-11.153280	0.000000	
101.850000	-44.578731	-11.133864	0.000000	
101.900000	-44.605238	-11.114439	0.000000	
101.950000	-44.631750	-11.095021	0.000000	
102.000000	-44.658274	-11.075628	0.000000	
102.050000	-44.684811	-11.056259	0.000000	
102.100000	-44.711366	-11.036924	0.000000	
102.150000	-44.737948	-11.017644	0.000000	
102.200000	-44.764551	-10.998402	0.000000	
102.250000	-44.791164	-10.979180	0.000000	
102.300000	-44.817783	-10.959970	0.000000	
102.350000	-44.844420	-10.940793	0.000000	
102.400000	-44.871077	-10.921656	0.000000	
102.450000	-44.897753	-10.902555	0.000000	
102.500000	-44.924452	-10.883498	0.000000	
102.550000	-44.951165	-10.864468	0.000000	
102.600000	-44.977896	-10.845473	0.000000	
102.650000	-45.004649	-10.826521	0.000000	
102.700000	-45.031421	-10.807606	0.000000	
102.750000	-45.058214	-10.788733	0.000000	
102.800000	-45.085027	-10.769899	0.000000	
102.850000	-45.111854	-10.751093	0.000000	
102.900000	-45.138696	-10.732318	0.000000	
102.950000	-45.165561	-10.713592	0.000000	
103.000000	-45.192454	-10.694926	0.000000	
103.050000	-45.219378	-10.676326	0.000000	
103.100000	-45.246333	-10.657794	0.000000	
103.150000	-45.273310	-10.639311	0.000000	
103.200000	-45.300310	-10.620877	0.000000	
103.250000	-45.327333	-10.602493	0.000000	
103.300000	-45.354389	-10.584180	0.000000	
103.350000	-45.381469	-10.565918	0.000000	
103.400000	-45.408566	-10.547692	0.000000	
103.450000	-45.435676	-10.529496	0.000000	
103.500000	-45.462799	-10.511323	0.000000	
103.550000	-45.489935	-10.493179	0.000000	
103.600000	-45.517085	-10.475064	0.000000	
103.650000	-45.544244	-10.456967	0.000000	
103.700000	-45.571412	-10.438889	0.000000	
103.750000	-45.598588	-10.420828	0.000000	
103.800000	-45.625774	-10.402789	0.000000	
103.850000	-45.652961	-10.384749	0.000000	
103.900000	-45.680147	-10.366710	0.000000	
103.950000	-45.707336	-10.348675	0.000000	
104.000000	-45.734530	-10.330651	0.000000	
104.050000	-45.761729	-10.312638	0.000000	
104.100000	-45.788929	-10.294629	0.000000	
104.150000	-45.816135	-10.276634	0.000000	
104.200000	-45.843346	-10.258650	0.000000	
104.250000	-45.870555	-10.240661	0.000000	
104.300000	-45.897764	-10.222672	0.000000	
104.350000	-45.924970	-10.204678	0.000000	
104.400000	-45.952177	-10.186683	0.000000	
104.450000	-45.979386	-10.168695	0.000000	
104.500000	-46.006600	-10.150718	0.000000	
104.550000	-46.033828	-10.132772	0.000000	
104.600000	-46.061062	-10.114843	0.000000	
104.650000	-46.088304	-10.096928	0.000000	
104.700000	-46.115556	-10.079039	0.000000	
104.750000	-46.142812	-10.061158	0.000000	
104.800000	-46.170076	-10.043297	0.000000	
104.850000	-46.197353	-10.025465	0.000000	
104.900000	-46.224651	-10.007682	0.000000	
104.950000	-46.251967	-9.989942	0.000000	
105.000000	-46.279293	-9.972225	0.000000	
105.050000	-46.306622	-9.954515	0.000000	
105.100000	-46.333948	-9.936798	0.000000	
105.150000	-46.361270	-9.919073	0.000000	
105.200000	-46.388588	-9.901337	0.000000	
105.250000	-46.415902	-9.883594	0.000000	
105.300000	-46.443219	-9.865858	0.000000	
105.350000	-46.470537	-9.848128	0.000000	
105.400000	-46.497851	-9.830387	0.000000	
105.450000	-46.525157	-9.812629	0.000000	
105.500000	-46.552461	-9.794867	0.000000	
105.550000	-46.579768	-9.777114	0.000000	
105.600000	-46.607072	-9.759353	0.000000	
105.650000	-46.634373	-9.741585	0.000000	
105.700000	-46.661670	-9.723811	0.000000	
105.750000	-46.688962	-9.706025	0.000000	
105.800000	-46.716248	-9.688225	0.000000	
105.850000	-46.743524	-9.670404	0.000000	
105.900000	-46.770791	-9.652562	0.000000	
105.950000	-46.798056	-9.634714	0.000000	
106.000000	-46.825320	-9.616867	0.000000	
106.050000	-46.852586	-9.599022	0.000000	
106.100000	-46.879850	-9.581174	0.000000	
106.150000	-46.907108	-9.563313	0.000000	
106.200000	-46.934354	-9.545426	0.000000	
106.250000	-46.961581	-9.527496	0.000000	
106.300000	-46.988801	-9.509548	0.000000	
106.350000	-47.016009	-9.491576	0.000000	
106.400000	-47.043204	-9.473574	0.000000	
106.450000	-47.070395	-9.455562	0.000000	
106.500000	-47.097590	-9.437561	0.000000	
106.550000	-47.124790	-9.419573	0.000000	
106.600000	-47.151991	-9.401588	0.000000	
106.650000	-47.179200	-9.383622	0.000000	
106.700000	-47.206427	-9.365703	0.000000	
106.750000	-47.233679	-9.347841	0.000000	
106.800000	-47.260957	-9.330046	0.000000	
106.850000	-47.288263	-9.312319	0.000000	
106.900000	-47.315599	-9.294665	0.000000	
106.950000	-47.342965	-9.277089	0.000000	
107.000000	-47.370352	-9.259569	0.000000	
107.050000	-47.397758	-9.242097	0.000000	
107.100000	-47.425181	-9.224673	0.000000	
107.150000	-47.452628	-9.207310	0.000000	
107.200000	-47.480102	-9.190018	0.000000	
107.250000	-47.507607	-9.172802	0.000000	
107.300000	-47.535150	-9.155684	0.000000	
107.350000	-47.562727	-9.138653	0.000000	
107.400000	-47.590342	-9.121721	0.000000	
107.450000	-47.618002	-9.104910	0.000000	
107.500000	-47.645703	-9.088204	0.000000	
107.550000	-47.673441	-9.071595	0.000000	
107.600000	-47.701209	-9.055067	0.000000	
107.650000	-47.729007	-9.038620	0.000000	
107.700000	-47.756829	-9.022238	0.000000	
107.750000	-47.784669	-9.005907	0.000000	
107.800000	-47.812522	-8.989614	0.000000	
107.850000	-47.840381	-8.973336	0.000000	
107.900000	-47.868247	-8.957076	0.000000	
107.950000	-47.896120	-8.940840	0.000000	
108.000000	-47.924003	-8.924630	0.000000	
108.050000	-47.951898	-8.908455	0.000000	
108.100000	-47.979800	-8.892304	0.000000	
108.150000	-48.007708	-8.876167	0.000000	
108.200000	-48.035617	-8.860032	0.000000	
108.250000	-48.063526	-8.843899	0.000000	
108.300000	-48.091442	-8.827786	0.000000	
108.350000	-48.119366	-8.811698	0.000000	
108.400000	-48.147301	-8.795640	0.000000	
108.450000	-48.175235	-8.779582	0.000000	
108.500000	-48.203164	-8.763507	0.000000	
108.550000	-48.231084	-8.747408	0.000000	
108.600000	-48.259000	-8.731298	0.000000	
108.650000	-48.286911	-8.715176	0.000000	
108.700000	-48.314815	-8.699033	0.000000	
108.750000	-48.342721	-8.682895	0.000000	
108.800000	-48.370623	-8.666747	0.000000	
108.850000	-48.398530	-8.650616	0.000000	
108.900000	-48.426450	-8.634520	0.000000	
108.950000	-48.454383	-8.618464	0.000000	
109.000000	-48.482322	-8.602429	0.000000	
109.050000	-48.510262	-8.586393	0.000000	
109.100000	-48.538204	-8.570366	0.000000	
109.150000	-48.566149	-8.554349	0.000000	
109.200000	-48.594105	-8.538366	0.000000	
109.250000	-48.622074	-8.522421	0.000000	
109.300000	-48.650058	-8.506519	0.000000	
109.350000	-48.678047	-8.490631	0.000000	
109.400000	-48.706029	-8.474727	0.000000	
109.450000	-48.734005	-8.458800	0.000000	
109.500000	-48.761980	-8.442874	0.000000	
109.550000	-48.789962	-8.426967	0.000000	
109.600000	-48.817950	-8.411079	0.000000	
109.650000	-48.845947	-8.395217	0.000000	
109.700000	-48.873948	-8.379369	0.000000	
109.750000	-48.901954	-8.363532	0.000000	
109.800000	-48.929957	-8.347689	0.000000	
109.850000	-48.957961	-8.331848	0.000000	
109.900000	-48.985957	-8.315986	0.000000	
109.950000	-49.013946	-8.300103	0.000000	
110.000000	-49.041932	-8.284208	0.000000	
110.050000	-49.069913	-8.268302	0.000000	
110.100000	-49.097888	-8.252379	0.000000	
110.150000	-49.125857	-8.236437	0.000000	
110.200000	-49.153825	-8.220495	0.000000	
110.250000	-49.181794	-8.204555	0.000000	
110.300000	-49.209765	-8.188621	0.000000	
110.350000	-49.237730	-8.172670	0.000000	
110.400000	-49.265693	-8.156714	0.000000	
110.450000	-49.293662	-8.140776	0.000000	
110.500000	-49.321631	-8.124837	0.000000	
110.550000	-49.349601	-8.108903	0.000000	
110.600000	-49.377569	-8.092964	0.000000	
110.650000	-49.405541	-8.077037	0.000000	
110.700000	-49.433507	-8.061094	0.000000	
110.750000	-49.461472	-8.045150	0.000000	
110.800000	-49.489437	-8.029205	0.000000	
110.850000	-49.517403	-8.013264	0.000000	
110.900000	-49.545371	-7.997331	0.000000	
110.950000	-49.573346	-7.981422	0.000000	
111.000000	-49.601320	-7.965508	0.000000	
111.050000	-49.629277	-7.949548	0.000000	
111.100000	-49.657209	-7.933520	0.000000	
111.150000	-49.685093	-7.917379	0.000000	
111.200000	-49.712895	-7.901051	0.000000	
111.250000	-49.740572	-7.884462	0.000000	
111.300000	-49.768068	-7.867522	0.000000	
111.350000	-49.795338	-7.850175	0.000000	
111.400000	-49.822340	-7.832384	0.000000	
111.450000	-49.849027	-7.814103	0.000000	
111.500000	-49.875326	-7.795267	0.000000	
111.550000	-49.901168	-7.775833	0.000000	
111.600000	-49.926481	-7.755745	0.000000	
111.650000	-49.951196	-7.734966	0.000000	
111.700000	-49.975247	-7.713461	0.000000	
111.750000	-49.998580	-7.691222	0.000000	
111.800000	-50.021157	-7.668232	0.000000	
111.850000	-50.042934	-7.644485	0.000000	
111.900000	-50.063868	-7.619967	0.000000	
111.950000	-50.083906	-7.594662	0.000000	
112.000000	-50.103029	-7.568566	0.000000	
112.050000	-50.121201	-7.541686	0.000000	
112.100000	-50.138407	-7.514045	0.000000	
112.150000	-50.154626	-7.485670	0.000000	
112.200000	-50.169874	-7.456617	0.000000	
112.250000	-50.184194	-7.426950	0.000000	
112.300000	-50.197615	-7.396735	0.000000	
112.350000	-50.210181	-7.366045	0.000000	
112.400000	-50.221951	-7.334939	0.000000	
112.450000	-50.232979	-7.303471	0.000000	
112.500000	-50.241194	-7.275672	0.000000	
112.550000	-50.248769	-7.247617	0.000000	
112.600000	-50.255784	-7.219362	0.000000	
112.650000	-50.262291	-7.190946	0.000000	
112.700000	-50.268361	-7.162409	0.000000	
112.750000	-50.274075	-7.133781	0.000000	
112.800000	-50.279489	-7.105084	0.000000	
112.850000	-50.284647	-7.076334	0.000000	
112.900000	-50.289599	-7.047544	0.000000	
112.950000	-50.294399	-7.018728	0.000000	
113.000000	-50.299084	-6.989893	0.000000	
113.050000	-50.303672	-6.961045	0.000000	
113.100000	-50.308187	-6.932189	0.000000	
113.150000	-50.312642	-6.903326	0.000000	
113.200000	-50.317055	-6.874460	0.000000	
113.250000	-50.321430	-6.845591	0.000000	
113.300000	-50.325750	-6.816718	0.000000	
113.350000	-50.330008	-6.787841	0.000000	
113.400000	-50.334205	-6.758959	0.000000	
113.450000	-50.338335	-6.730074	0.000000	
113.500000	-50.342382	-6.701182	0.000000	
113.550000	-50.346351	-6.672286	0.000000	
113.600000	-50.350255	-6.643386	0.000000	
113.650000	-50.354087	-6.614481	0.000000	
113.700000	-50.357876	-6.585574	0.000000	
113.750000	-50.361619	-6.556663	0.000000	
113.800000	-50.365292	-6.527748	0.000000	
113.850000	-50.368888	-6.498828	0.000000	
113.900000	-50.372409	-6.469903	0.000000	
113.950000	-50.375841	-6.440972	0.000000	
114.000000	-50.379179	-6.412034	0.000000	
114.050000	-50.382444	-6.383091	0.000000	
114.100000	-50.385650	-6.354143	0.000000	
114.150000	-50.388803	-6.325192	0.000000	
114.200000	-50.391902	-6.296239	0.000000	
114.250000	-50.394967	-6.267283	0.000000	
114.300000	-50.397985	-6.238325	0.000000	
114.350000	-50.400976	-6.209367	0.000000	
114.400000	-50.403976	-6.180408	0.000000	
114.450000	-50.406972	-6.151449	0.000000	
114.500000	-50.409967	-6.122490	0.000000	
114.550000	-50.412959	-6.093531	0.000000	
114.600000	-50.415931	-6.064571	0.000000	
114.650000	-50.418873	-6.035611	0.000000	
114.700000	-50.421782	-6.006650	0.000000	
114.750000	-50.424649	-5.977687	0.000000	
114.800000	-50.427482	-5.948724	0.000000	
114.850000	-50.430286	-5.919760	0.000000	
114.900000	-50.433081	-5.890795	0.000000	
114.950000	-50.435845	-5.861830	0.000000	
115.000000	-50.438588	-5.832864	0.000000	
115.050000	-50.441300	-5.803898	0.000000	
115.100000	-50.443974	-5.774930	0.000000	
115.150000	-50.446591	-5.745962	0.000000	
115.200000	-50.449161	-5.716991	0.000000	
115.250000	-50.451703	-5.688021	0.000000	
115.300000	-50.454210	-5.659049	0.000000	
115.350000	-50.456706	-5.630077	0.000000	
115.400000	-50.459179	-5.601105	0.000000	
115.450000	-50.461611	-5.572131	0.000000	
115.500000	-50.464011	-5.543157	0.000000	
115.550000	-50.466364	-5.514182	0.000000	
115.600000	-50.468698	-5.485206	0.000000	
115.650000	-50.471032	-5.456229	0.000000	
115.700000	-50.473364	-5.427253	0.000000	
115.750000	-50.475699	-5.398276	0.000000	
115.800000	-50.478041	-5.369299	0.000000	
115.850000	-50.480398	-5.340322	0.000000	
115.900000	-50.482776	-5.311346	0.000000	
115.950000	-50.485175	-5.282369	0.000000	
116.000000	-50.487618	-5.253394	0.000000	
116.050000	-50.490109	-5.224420	0.000000	
116.100000	-50.492638	-5.195446	0.000000	
116.150000	-50.495197	-5.166473	0.000000	
116.200000	-50.497786	-5.137500	0.000000	
116.250000	-50.500405	-5.108528	0.000000	
116.300000	-50.503035	-5.079555	0.000000	
116.350000	-50.505668	-5.050582	0.000000	
116.400000	-50.508302	-5.021609	0.000000	
116.450000	-50.510925	-4.992636	0.000000	
116.500000	-50.513543	-4.963662	0.000000	
116.550000	-50.516175	-4.934688	0.000000	
116.600000	-50.518836	-4.905714	0.000000	
116.650000	-50.521525	-4.876741	0.000000	
116.700000	-50.524236	-4.847767	0.000000	
116.750000	-50.526983	-4.818795	0.000000	
116.800000	-50.529770	-4.789822	0.000000	
116.850000	-50.532565	-4.760850	0.000000	
116.900000	-50.535373	-4.731878	0.000000	
116.950000	-50.538187	-4.702906	0.000000	
117.000000	-50.540998	-4.673934	0.000000	
117.050000	-50.543815	-4.644961	0.000000	
117.100000	-50.546639	-4.615989	0.000000	
117.150000	-50.549481	-4.587018	0.000000	
117.200000	-50.552359	-4.558049	0.000000	
117.250000	-50.555289	-4.529081	0.000000	
117.300000	-50.558255	-4.500115	0.000000	
117.350000	-50.561252	-4.471150	0.000000	
117.400000	-50.564302	-4.442185	0.000000	
117.450000	-50.567390	-4.413222	0.000000	
117.500000	-50.570526	-4.384260	0.000000	
117.550000	-50.573697	-4.355298	0.000000	
117.600000	-50.576903	-4.326337	0.000000	
117.650000	-50.580131	-4.297376	0.000000	
117.700000	-50.583365	-4.268416	0.000000	
117.750000	-50.586602	-4.239455	0.000000	
117.800000	-50.589828	-4.210494	0.000000	
117.850000	-50.593036	-4.181532	0.000000	
117.900000	-50.596256	-4.152570	0.000000	
117.950000	-50.599471	-4.123608	0.000000	
118.000000	-50.602702	-4.094646	0.000000	
118.050000	-50.605956	-4.065686	0.000000	
118.100000	-50.609211	-4.036725	0.000000	
118.150000	-50.612469	-4.007764	0.000000	
118.200000	-50.615731	-3.978803	0.000000	
118.250000	-50.618980	-3.949842	0.000000	
118.300000	-50.622194	-3.920878	0.000000	
118.350000	-50.625371	-3.891912	0.000000	
118.400000	-50.628538	-3.862946	0.000000	
118.450000	-50.631681	-3.833979	0.000000	
118.500000	-50.634810	-3.805011	0.000000	
118.550000	-50.637935	-3.776043	0.000000	
118.600000	-50.641077	-3.747075	0.000000	
118.650000	-50.644208	-3.718108	0.000000	
118.700000	-50.647330	-3.689139	0.000000	
118.750000	-50.650453	-3.660171	0.000000	
118.800000	-50.653586	-3.631204	0.000000	
118.850000	-50.656741	-3.602237	0.000000	
118.900000	-50.659936	-3.573272	0.000000	
118.950000	-50.663149	-3.544308	0.000000	
119.000000	-50.666365	-3.515344	0.000000	
119.050000	-50.669572	-3.486380	0.000000	
119.100000	-50.672772	-3.457416	0.000000	
119.150000	-50.675971	-3.428452	0.000000	
119.200000	-50.679166	-3.399487	0.000000	
119.250000	-50.682348	-3.370523	0.000000	
119.300000	-50.685519	-3.341557	0.000000	
119.350000	-50.688694	-3.312592	0.000000	
119.400000	-50.691902	-3.283629	0.000000	
119.450000	-50.695118	-3.254666	0.000000	
119.500000	-50.697769	-3.238190	0.000000	
119.550000	-50.700434	-3.221715	0.000000	
119.600000	-50.703105	-3.205240	0.000000	
119.650000	-50.705771	-3.188766	0.000000	
119.700000	-50.708447	-3.172292	0.000000	
119.750000	-50.711140	-3.155819	0.000000	
119.800000	-50.713844	-3.139347	0.000000	
119.850000	-50.716553	-3.122876	0.000000	
119.900000	-50.719265	-3.106405	0.000000	
119.950000	-50.721957	-3.089933	0.000000	
