0.000000	-24.037009	14.036757	0.000000	
0.050000	-23.977893	14.039098	0.000000	
0.100000	-23.918777	14.041439	0.000000	
0.150000	-23.859660	14.043780	0.000000	
0.200000	-23.800543	14.046119	0.000000	
0.250000	-23.741426	14.048459	0.000000	
0.300000	-23.682308	14.050798	0.000000	
0.350000	-23.623189	14.053136	0.000000	
0.400000	-23.564071	14.055474	0.000000	
0.450000	-23.504951	14.057811	0.000000	
0.500000	-23.445832	14.060148	0.000000	
0.550000	-23.386712	14.062484	0.000000	
0.600000	-23.327591	14.064820	0.000000	
0.650000	-23.268470	14.067155	0.000000	
0.700000	-23.209348	14.069490	0.000000	
0.750000	-23.150226	14.071824	0.000000	
0.800000	-23.091103	14.074157	0.000000	
0.850000	-23.031979	14.076489	0.000000	
0.900000	-22.972855	14.078821	0.000000	
0.950000	-22.913730	14.081152	0.000000	
1.000000	-22.854604	14.083482	0.000000	
1.050000	-22.795478	14.085811	0.000000	
1.100000	-22.736351	14.088139	0.000000	
1.150000	-22.677223	14.090467	0.000000	
1.200000	-22.618094	14.092793	0.000000	
1.250000	-22.558964	14.095119	0.000000	
1.300000	-22.499834	14.097443	0.000000	
1.350000	-22.440702	14.099766	0.000000	
1.400000	-22.381570	14.102088	0.000000	
1.450000	-22.322436	14.104409	0.000000	
1.500000	-22.263301	14.106729	0.000000	
1.550000	-22.204165	14.109047	0.000000	
1.600000	-22.145028	14.111364	0.000000	
1.650000	-22.085890	14.113679	0.000000	
1.700000	-22.026750	14.115993	0.000000	
1.750000	-21.967609	14.118306	0.000000	
1.800000	-21.908467	14.120617	0.000000	
1.850000	-21.849324	14.122927	0.000000	
1.900000	-21.790179	14.125235	0.000000	
1.950000	-21.731034	14.127542	0.000000	
2.000000	-21.671886	14.129847	0.000000	
2.050000	-21.612738	14.132150	0.000000	
2.100000	-21.553587	14.134452	0.000000	
2.150000	-21.494436	14.136752	0.000000	
2.200000	-21.435282	14.139050	0.000000	
2.250000	-21.376127	14.141346	0.000000	
2.300000	-21.316971	14.143640	0.000000	
2.350000	-21.257813	14.145933	0.000000	
2.400000	-21.198654	14.148224	0.000000	
2.450000	-21.139493	14.150513	0.000000	
2.500000	-21.080330	14.152800	0.000000	
2.550000	-21.021166	14.155085	0.000000	
2.600000	-20.962000	14.157369	0.000000	
2.650000	-20.902833	14.159650	0.000000	
2.700000	-20.843665	14.161931	0.000000	
2.750000	-20.784494	14.164209	0.000000	
2.800000	-20.725323	14.166486	0.000000	
2.850000	-20.666150	14.168761	0.000000	
2.900000	-20.606975	14.171034	0.000000	
2.950000	-20.547800	14.173305	0.000000	
3.000000	-20.488622	14.175575	0.000000	
3.050000	-20.429444	14.177844	0.000000	
3.100000	-20.370264	14.180111	0.000000	
3.150000	-20.311083	14.182376	0.000000	
3.200000	-20.251901	14.184640	0.000000	
3.250000	-20.192717	14.186902	0.000000	
3.300000	-20.133532	14.189163	0.000000	
3.350000	-20.074346	14.191423	0.000000	
3.400000	-20.015159	14.193682	0.000000	
3.450000	-19.955971	14.195939	0.000000	
3.500000	-19.896782	14.198195	0.000000	
3.550000	-19.837592	14.200450	0.000000	
3.600000	-19.778401	14.202704	0.000000	
3.650000	-19.719210	14.204957	0.000000	
3.700000	-19.660017	14.207209	0.000000	
3.750000	-19.600824	14.209460	0.000000	
3.800000	-19.541630	14.211711	0.000000	
3.850000	-19.482436	14.213961	0.000000	
3.900000	-19.423241	14.216210	0.000000	
3.950000	-19.364045	14.218458	0.000000	
4.000000	-19.304849	14.220706	0.000000	
4.050000	-19.245652	14.222953	0.000000	
4.100000	-19.186454	14.225200	0.000000	
4.150000	-19.127256	14.227445	0.000000	
4.200000	-19.068058	14.229690	0.000000	
4.250000	-19.008859	14.231935	0.000000	
4.300000	-18.949660	14.234179	0.000000	
4.350000	-18.890460	14.236423	0.000000	
4.400000	-18.831260	14.238667	0.000000	
4.450000	-18.772060	14.240910	0.000000	
4.500000	-18.712860	14.243154	0.000000	
4.550000	-18.674005	14.244086	0.000000	
4.600000	-18.718656	14.239637	0.000000	
4.650000	-18.763307	14.235189	0.000000	
4.700000	-18.807958	14.230740	0.000000	
4.750000	-18.852609	14.226291	0.000000	
4.800000	-18.897260	14.221842	0.000000	
4.850000	-18.941911	14.217393	0.000000	
4.900000	-18.986561	14.212943	0.000000	
4.950000	-19.031212	14.208494	0.000000	
5.000000	-19.075863	14.204045	0.000000	
5.050000	-19.120513	14.199595	0.000000	
5.100000	-19.165163	14.195145	0.000000	
5.150000	-19.209812	14.190694	0.000000	
5.200000	-19.254462	14.186244	0.000000	
5.250000	-19.299111	14.181793	0.000000	
5.300000	-19.343760	14.177342	0.000000	
5.350000	-19.388409	14.172891	0.000000	
5.400000	-19.433058	14.168440	0.000000	
5.450000	-19.477707	14.163988	0.000000	
5.500000	-19.522355	14.159536	0.000000	
5.550000	-19.567002	14.155083	0.000000	
5.600000	-19.611650	14.150630	0.000000	
5.650000	-19.656297	14.146177	0.000000	
5.700000	-19.700943	14.141723	0.000000	
5.750000	-19.745590	14.137269	0.000000	
5.800000	-19.790236	14.132815	0.000000	
5.850000	-19.834882	14.128361	0.000000	
5.900000	-19.879528	14.123906	0.000000	
5.950000	-19.924174	14.119452	0.000000	
6.000000	-19.968820	14.114997	0.000000	
6.050000	-20.013466	14.110542	0.000000	
6.100000	-20.058112	14.106087	0.000000	
6.150000	-20.102758	14.101632	0.000000	
6.200000	-20.147403	14.097178	0.000000	
6.250000	-20.192049	14.092723	0.000000	
6.300000	-20.236695	14.088268	0.000000	
6.350000	-20.281340	14.083813	0.000000	
6.400000	-20.325986	14.079358	0.000000	
6.450000	-20.370632	14.074903	0.000000	
6.500000	-20.415277	14.070448	0.000000	
6.550000	-20.459922	14.065992	0.000000	
6.600000	-20.504566	14.061536	0.000000	
6.650000	-20.549211	14.057080	0.000000	
6.700000	-20.593855	14.052623	0.000000	
6.750000	-20.638499	14.048167	0.000000	
6.800000	-20.683142	14.043709	0.000000	
6.850000	-20.727786	14.039252	0.000000	
6.900000	-20.772429	14.034795	0.000000	
6.950000	-20.817072	14.030337	0.000000	
7.000000	-20.861715	14.025879	0.000000	
7.050000	-20.906358	14.021420	0.000000	
7.100000	-20.951000	14.016962	0.000000	
7.150000	-20.995642	14.012503	0.000000	
7.200000	-21.040284	14.008044	0.000000	
7.250000	-21.084926	14.003585	0.000000	
7.300000	-21.129568	13.999125	0.000000	
7.350000	-21.174209	13.994666	0.000000	
7.400000	-21.218851	13.990206	0.000000	
7.450000	-21.263492	13.985746	0.000000	
7.500000	-21.308133	13.981286	0.000000	
7.550000	-21.346010	13.982762	0.000000	
7.600000	-21.383887	13.984238	0.000000	
7.650000	-21.421763	13.985712	0.000000	
7.700000	-21.459637	13.987186	0.000000	
7.750000	-21.497511	13.988658	0.000000	
7.800000	-21.535384	13.990129	0.000000	
7.850000	-21.573256	13.991599	0.000000	
7.900000	-21.611127	13.993068	0.000000	
7.950000	-21.648997	13.994536	0.000000	
8.000000	-21.686866	13.996003	0.000000	
8.050000	-21.724734	13.997469	0.000000	
8.100000	-21.762601	13.998933	0.000000	
8.150000	-21.800467	14.000396	0.000000	
8.200000	-21.838332	14.001858	0.000000	
8.250000	-21.876195	14.003318	0.000000	
8.300000	-21.914058	14.004777	0.000000	
8.350000	-21.951919	14.006235	0.000000	
8.400000	-21.989780	14.007692	0.000000	
8.450000	-22.027639	14.009147	0.000000	
8.500000	-22.065496	14.010600	0.000000	
8.550000	-22.103352	14.012052	0.000000	
8.600000	-22.141207	14.013502	0.000000	
8.650000	-22.179061	14.014951	0.000000	
8.700000	-22.216913	14.016398	0.000000	
8.750000	-22.254764	14.017844	0.000000	
8.800000	-22.292613	14.019288	0.000000	
8.850000	-22.330462	14.020731	0.000000	
8.900000	-22.368309	14.022173	0.000000	
8.950000	-22.406155	14.023612	0.000000	
9.000000	-22.443999	14.025051	0.000000	
9.050000	-22.481843	14.026488	0.000000	
9.100000	-22.519685	14.027923	0.000000	
9.150000	-22.557526	14.029357	0.000000	
9.200000	-22.595365	14.030790	0.000000	
9.250000	-22.633203	14.032221	0.000000	
9.300000	-22.671040	14.033650	0.000000	
9.350000	-22.708876	14.035078	0.000000	
9.400000	-22.746710	14.036505	0.000000	
9.450000	-22.784543	14.037929	0.000000	
9.500000	-22.822374	14.039352	0.000000	
9.550000	-22.860204	14.040773	0.000000	
9.600000	-22.898032	14.042193	0.000000	
9.650000	-22.935858	14.043610	0.000000	
9.700000	-22.973683	14.045026	0.000000	
9.750000	-23.011507	14.046440	0.000000	
9.800000	-23.049329	14.047852	0.000000	
9.850000	-23.087149	14.049262	0.000000	
9.900000	-23.124968	14.050671	0.000000	
9.950000	-23.162786	14.052078	0.000000	
10.000000	-23.200602	14.053484	0.000000	
10.050000	-23.238417	14.054888	0.000000	
10.100000	-23.276231	14.056290	0.000000	
10.150000	-23.314043	14.057691	0.000000	
10.200000	-23.351854	14.059090	0.000000	
10.250000	-23.389663	14.060488	0.000000	
10.300000	-23.427471	14.061883	0.000000	
10.350000	-23.465278	14.063278	0.000000	
10.400000	-23.503083	14.064670	0.000000	
10.450000	-23.540886	14.066061	0.000000	
10.500000	-23.578688	14.067449	0.000000	
10.550000	-23.616488	14.068836	0.000000	
10.600000	-23.654287	14.070221	0.000000	
10.650000	-23.692083	14.071604	0.000000	
10.700000	-23.729879	14.072985	0.000000	
10.750000	-23.767672	14.074363	0.000000	
10.800000	-23.805463	14.075740	0.000000	
10.850000	-23.843252	14.077114	0.000000	
10.900000	-23.881040	14.078486	0.000000	
10.950000	-23.918825	14.079855	0.000000	
11.000000	-23.956609	14.081223	0.000000	
11.050000	-23.994391	14.082588	0.000000	
11.100000	-24.032172	14.083952	0.000000	
11.150000	-24.069951	14.085314	0.000000	
11.200000	-24.107728	14.086674	0.000000	
11.250000	-24.145503	14.088032	0.000000	
11.300000	-24.183277	14.089389	0.000000	
11.350000	-24.221050	14.090743	0.000000	
11.400000	-24.258821	14.092096	0.000000	
11.450000	-24.296590	14.093446	0.000000	
11.500000	-24.334358	14.094796	0.000000	
11.550000	-24.372125	14.096143	0.000000	
11.600000	-24.409890	14.097489	0.000000	
11.650000	-24.447654	14.098833	0.000000	
11.700000	-24.485416	14.100176	0.000000	
11.750000	-24.523177	14.101517	0.000000	
11.800000	-24.560936	14.102856	0.000000	
11.850000	-24.598695	14.104194	0.000000	
11.900000	-24.636452	14.105531	0.000000	
11.950000	-24.674208	14.106866	0.000000	
12.000000	-24.711963	14.108200	0.000000	
12.050000	-24.749717	14.109533	0.000000	
12.100000	-24.787470	14.110864	0.000000	
12.150000	-24.825222	14.112195	0.000000	
12.200000	-24.862973	14.113525	0.000000	
12.250000	-24.900723	14.114853	0.000000	
12.300000	-24.938472	14.116180	0.000000	
12.350000	-24.976221	14.117507	0.000000	
12.400000	-25.013968	14.118832	0.000000	
12.450000	-25.051715	14.120156	0.000000	
12.500000	-25.089461	14.121480	0.000000	
12.550000	-25.127206	14.122802	0.000000	
12.600000	-25.164950	14.124124	0.000000	
12.650000	-25.202694	14.125445	0.000000	
12.700000	-25.240437	14.126765	0.000000	
12.750000	-25.278179	14.128084	0.000000	
12.800000	-25.315921	14.129403	0.000000	
12.850000	-25.353662	14.130720	0.000000	
12.900000	-25.391402	14.132036	0.000000	
12.950000	-25.429140	14.133352	0.000000	
13.000000	-25.466878	14.134665	0.000000	
13.050000	-25.504615	14.135978	0.000000	
13.100000	-25.542350	14.137289	0.000000	
13.150000	-25.580084	14.138599	0.000000	
13.200000	-25.617817	14.139907	0.000000	
13.250000	-25.655549	14.141214	0.000000	
13.300000	-25.693280	14.142520	0.000000	
13.350000	-25.731009	14.143825	0.000000	
13.400000	-25.768738	14.145128	0.000000	
13.450000	-25.806465	14.146430	0.000000	
13.500000	-25.844191	14.147730	0.000000	
13.550000	-25.881917	14.149030	0.000000	
13.600000	-25.919641	14.150328	0.000000	
13.650000	-25.957365	14.151626	0.000000	
13.700000	-25.995088	14.152923	0.000000	
13.750000	-26.032810	14.154219	0.000000	
13.800000	-26.070531	14.155513	0.000000	
13.850000	-26.108251	14.156807	0.000000	
13.900000	-26.145971	14.158100	0.000000	
13.950000	-26.183690	14.159392	0.000000	
14.000000	-26.221408	14.160683	0.000000	
14.050000	-26.259125	14.161974	0.000000	
14.100000	-26.296841	14.163263	0.000000	
14.150000	-26.334557	14.164551	0.000000	
14.200000	-26.372271	14.165838	0.000000	
14.250000	-26.409985	14.167124	0.000000	
14.300000	-26.447698	14.168410	0.000000	
14.350000	-26.485410	14.169695	0.000000	
14.400000	-26.523122	14.170978	0.000000	
14.450000	-26.560833	14.172262	0.000000	
14.500000	-26.598544	14.173544	0.000000	
14.550000	-26.636254	14.174826	0.000000	
14.600000	-26.673963	14.176107	0.000000	
14.650000	-26.711671	14.177387	0.000000	
14.700000	-26.749379	14.178666	0.000000	
14.750000	-26.787086	14.179945	0.000000	
14.800000	-26.824793	14.181223	0.000000	
14.850000	-26.862500	14.182501	0.000000	
14.900000	-26.900206	14.183779	0.000000	
14.950000	-26.937912	14.185055	0.000000	
15.000000	-26.975617	14.186332	0.000000	
15.050000	-27.013322	14.187608	0.000000	
15.100000	-27.051026	14.188883	0.000000	
15.150000	-27.088730	14.190158	0.000000	
15.200000	-27.126434	14.191433	0.000000	
15.250000	-27.164137	14.192707	0.000000	
15.300000	-27.201840	14.193980	0.000000	
15.350000	-27.239543	14.195254	0.000000	
15.400000	-27.277245	14.196527	0.000000	
15.450000	-27.314947	14.197799	0.000000	
15.500000	-27.352649	14.199072	0.000000	
15.550000	-27.390350	14.200343	0.000000	
15.600000	-27.428051	14.201615	0.000000	
15.650000	-27.465752	14.202886	0.000000	
15.700000	-27.503453	14.204157	0.000000	
15.750000	-27.541153	14.205428	0.000000	
15.800000	-27.578853	14.206699	0.000000	
15.850000	-27.616553	14.207969	0.000000	
15.900000	-27.654253	14.209239	0.000000	
15.950000	-27.691953	14.210509	0.000000	
16.000000	-27.729652	14.211779	0.000000	
16.050000	-27.767352	14.213049	0.000000	
16.100000	-27.805051	14.214318	0.000000	
16.150000	-27.842751	14.215588	0.000000	
16.200000	-27.880450	14.216857	0.000000	
16.250000	-27.918149	14.218126	0.000000	
16.300000	-27.955848	14.219395	0.000000	
16.350000	-27.993547	14.220664	0.000000	
16.400000	-28.031246	14.221933	0.000000	
16.450000	-28.068945	14.223202	0.000000	
16.500000	-28.106644	14.224472	0.000000	
16.550000	-28.144343	14.225741	0.000000	
16.600000	-28.182043	14.227011	0.000000	
16.650000	-28.219743	14.228281	0.000000	
16.700000	-28.257442	14.229551	0.000000	
16.750000	-28.295142	14.230822	0.000000	
16.800000	-28.332842	14.232092	0.000000	
16.850000	-28.370543	14.233362	0.000000	
16.900000	-28.408243	14.234633	0.000000	
16.950000	-28.445943	14.235904	0.000000	
17.000000	-28.483644	14.237175	0.000000	
17.050000	-28.521345	14.238447	0.000000	
17.100000	-28.559047	14.239719	0.000000	
17.150000	-28.596748	14.240991	0.000000	
17.200000	-28.634451	14.242264	0.000000	
17.250000	-28.672154	14.243538	0.000000	
17.300000	-28.709857	14.244812	0.000000	
17.350000	-28.747560	14.246087	0.000000	
17.400000	-28.785264	14.247362	0.000000	
17.450000	-28.822969	14.248638	0.000000	
17.500000	-28.860674	14.249914	0.000000	
17.550000	-28.898380	14.251191	0.000000	
17.600000	-28.936086	14.252468	0.000000	
17.650000	-28.973792	14.253747	0.000000	
17.700000	-29.011499	14.255025	0.000000	
17.750000	-29.049207	14.256304	0.000000	
17.800000	-29.086915	14.257584	0.000000	
17.850000	-29.124623	14.258864	0.000000	
17.900000	-29.162332	14.260145	0.000000	
17.950000	-29.200041	14.261427	0.000000	
18.000000	-29.237751	14.262709	0.000000	
18.050000	-29.275461	14.263992	0.000000	
18.100000	-29.313172	14.265275	0.000000	
18.150000	-29.350883	14.266558	0.000000	
18.200000	-29.388595	14.267842	0.000000	
18.250000	-29.426307	14.269127	0.000000	
18.300000	-29.464019	14.270412	0.000000	
18.350000	-29.501732	14.271698	0.000000	
18.400000	-29.539445	14.272983	0.000000	
18.450000	-29.577158	14.274270	0.000000	
18.500000	-29.614872	14.275557	0.000000	
18.550000	-29.652586	14.276844	0.000000	
18.600000	-29.690301	14.278132	0.000000	
18.650000	-29.728016	14.279420	0.000000	
18.700000	-29.765732	14.280709	0.000000	
18.750000	-29.803447	14.281998	0.000000	
18.800000	-29.841164	14.283288	0.000000	
18.850000	-29.878880	14.284578	0.000000	
18.900000	-29.916597	14.285868	0.000000	
18.950000	-29.954314	14.287159	0.000000	
19.000000	-29.992032	14.288451	0.000000	
19.050000	-30.029750	14.289742	0.000000	
19.100000	-30.067469	14.291035	0.000000	
19.150000	-30.105187	14.292328	0.000000	
19.200000	-30.142907	14.293621	0.000000	
19.250000	-30.180626	14.294915	0.000000	
19.300000	-30.218346	14.296209	0.000000	
19.350000	-30.256067	14.297503	0.000000	
19.400000	-30.293787	14.298798	0.000000	
19.450000	-30.275875	14.342679	0.000000	
19.500000	-30.238725	14.401286	0.000000	
19.550000	-30.201575	14.459894	0.000000	
19.600000	-30.164425	14.518503	0.000000	
19.650000	-30.127275	14.577111	0.000000	
19.700000	-30.090125	14.635720	0.000000	
19.750000	-30.052975	14.694328	0.000000	
19.800000	-30.015826	14.752937	0.000000	
19.850000	-29.978676	14.811546	0.000000	
19.900000	-29.941527	14.870155	0.000000	
19.950000	-29.904377	14.928764	0.000000	
20.000000	-29.867228	14.987373	0.000000	
20.050000	-29.830079	15.045982	0.000000	
20.100000	-29.792930	15.104591	0.000000	
20.150000	-29.755781	15.163201	0.000000	
20.200000	-29.718632	15.221811	0.000000	
20.250000	-29.681484	15.280421	0.000000	
20.300000	-29.644335	15.339031	0.000000	
20.350000	-29.607187	15.397642	0.000000	
20.400000	-29.570039	15.456252	0.000000	
20.450000	-29.532891	15.514863	0.000000	
20.500000	-29.495744	15.573474	0.000000	
20.550000	-29.458596	15.632085	0.000000	
20.600000	-29.421449	15.690697	0.000000	
20.650000	-29.384302	15.749309	0.000000	
20.700000	-29.347155	15.807921	0.000000	
20.750000	-29.310008	15.866533	0.000000	
20.800000	-29.272862	15.925145	0.000000	
20.850000	-29.235715	15.983757	0.000000	
20.900000	-29.198569	16.042370	0.000000	
20.950000	-29.161423	16.100983	0.000000	
21.000000	-29.124277	16.159596	0.000000	
21.050000	-29.087131	16.218209	0.000000	
21.100000	-29.049985	16.276822	0.000000	
21.150000	-29.012839	16.335435	0.000000	
21.200000	-28.975693	16.394048	0.000000	
21.250000	-28.938547	16.452660	0.000000	
21.300000	-28.901400	16.511273	0.000000	
21.350000	-28.864254	16.569886	0.000000	
21.400000	-28.827107	16.628498	0.000000	
21.450000	-28.789960	16.687110	0.000000	
21.500000	-28.752813	16.745721	0.000000	
21.550000	-28.715666	16.804333	0.000000	
21.600000	-28.678520	16.862945	0.000000	
21.650000	-28.641373	16.921557	0.000000	
21.700000	-28.604226	16.980169	0.000000	
21.750000	-28.567079	17.038781	0.000000	
21.800000	-28.529932	17.097393	0.000000	
21.850000	-28.492786	17.156005	0.000000	
21.900000	-28.455638	17.214617	0.000000	
21.950000	-28.418491	17.273229	0.000000	
22.000000	-28.381344	17.331840	0.000000	
22.050000	-28.344196	17.390451	0.000000	
22.100000	-28.307048	17.449062	0.000000	
22.150000	-28.269900	17.507672	0.000000	
22.200000	-28.232752	17.566282	0.000000	
22.250000	-28.195603	17.624892	0.000000	
22.300000	-28.158454	17.683502	0.000000	
22.350000	-28.121305	17.742111	0.000000	
22.400000	-28.084156	17.800720	0.000000	
22.450000	-28.047007	17.859329	0.000000	
22.500000	-28.009857	17.917938	0.000000	
22.550000	-27.972708	17.976547	0.000000	
22.600000	-27.935558	18.035155	0.000000	
22.650000	-27.898408	18.093764	0.000000	
22.700000	-27.861258	18.152372	0.000000	
22.750000	-27.824107	18.210979	0.000000	
22.800000	-27.786956	18.269587	0.000000	
22.850000	-27.749805	18.328193	0.000000	
22.900000	-27.712653	18.386799	0.000000	
22.950000	-27.675501	18.445405	0.000000	
23.000000	-27.638349	18.504011	0.000000	
23.050000	-27.601197	18.562617	0.000000	
23.100000	-27.564045	18.621222	0.000000	
23.150000	-27.526892	18.679828	0.000000	
23.200000	-27.489740	18.738433	0.000000	
23.250000	-27.452588	18.797039	0.000000	
23.300000	-27.415436	18.855645	0.000000	
23.350000	-27.378284	18.914250	0.000000	
23.400000	-27.341132	18.972856	0.000000	
23.450000	-27.303980	19.031462	0.000000	
23.500000	-27.266828	19.090068	0.000000	
23.550000	-27.229676	19.148674	0.000000	
23.600000	-27.192525	19.207281	0.000000	
23.650000	-27.155373	19.265887	0.000000	
23.700000	-27.118222	19.324494	0.000000	
23.750000	-27.081071	19.383101	0.000000	
23.800000	-27.043920	19.441708	0.000000	
23.850000	-27.006770	19.500316	0.000000	
23.900000	-26.969619	19.558924	0.000000	
23.950000	-26.932469	19.617532	0.000000	
24.000000	-26.895319	19.676140	0.000000	
24.050000	-26.858170	19.734749	0.000000	
24.100000	-26.821021	19.793359	0.000000	
24.150000	-26.783873	19.851969	0.000000	
24.200000	-26.746724	19.910579	0.000000	
24.250000	-26.709577	19.969190	0.000000	
24.300000	-26.672429	20.027801	0.000000	
24.350000	-26.635282	20.086413	0.000000	
24.400000	-26.598135	20.145025	0.000000	
24.450000	-26.560989	20.203638	0.000000	
24.500000	-26.523843	20.262251	0.000000	
24.550000	-26.486697	20.320864	0.000000	
24.600000	-26.449552	20.379478	0.000000	
24.650000	-26.412407	20.438093	0.000000	
24.700000	-26.375263	20.496708	0.000000	
24.750000	-26.338119	20.555323	0.000000	
24.800000	-26.300975	20.613938	0.000000	
24.850000	-26.263831	20.672554	0.000000	
24.900000	-26.226688	20.731170	0.000000	
24.950000	-26.189544	20.789786	0.000000	
25.000000	-26.152401	20.848402	0.000000	
25.050000	-26.115258	20.907019	0.000000	
25.100000	-26.078116	20.965636	0.000000	
25.150000	-26.040973	21.024254	0.000000	
25.200000	-26.003832	21.082872	0.000000	
25.250000	-25.966690	21.141491	0.000000	
25.300000	-25.929550	21.200110	0.000000	
25.350000	-25.892409	21.258729	0.000000	
25.400000	-25.855269	21.317350	0.000000	
25.450000	-25.818130	21.375971	0.000000	
25.500000	-25.780991	21.434592	0.000000	
25.550000	-25.743853	21.493215	0.000000	
25.600000	-25.706716	21.551838	0.000000	
25.650000	-25.669579	21.610462	0.000000	
25.700000	-25.632443	21.669087	0.000000	
25.750000	-25.595307	21.727713	0.000000	
25.800000	-25.558173	21.786340	0.000000	
25.850000	-25.521040	21.844968	0.000000	
25.900000	-25.483907	21.903597	0.000000	
25.950000	-25.446775	21.962227	0.000000	
26.000000	-25.409644	22.020858	0.000000	
26.050000	-25.372514	22.079490	0.000000	
26.100000	-25.335384	22.138122	0.000000	
26.150000	-25.298255	22.196755	0.000000	
26.200000	-25.261126	22.255389	0.000000	
26.250000	-25.223998	22.314024	0.000000	
26.300000	-25.186871	22.372659	0.000000	
26.350000	-25.149744	22.431295	0.000000	
26.400000	-25.112617	22.489931	0.000000	
26.450000	-25.075491	22.548568	0.000000	
26.500000	-25.038365	22.607205	0.000000	
26.550000	-25.001240	22.665843	0.000000	
26.600000	-24.964115	22.724480	0.000000	
26.650000	-24.926990	22.783119	0.000000	
26.700000	-24.889865	22.841757	0.000000	
26.750000	-24.852741	22.900396	0.000000	
26.800000	-24.815616	22.959035	0.000000	
26.850000	-24.778492	23.017674	0.000000	
26.900000	-24.741368	23.076313	0.000000	
26.950000	-24.704244	23.134953	0.000000	
27.000000	-24.667120	23.193592	0.000000	
27.050000	-24.629996	23.252232	0.000000	
27.100000	-24.592872	23.310871	0.000000	
27.150000	-24.555748	23.369511	0.000000	
27.200000	-24.518624	23.428150	0.000000	
27.250000	-24.481500	23.486789	0.000000	
27.300000	-24.444375	23.545427	0.000000	
27.350000	-24.407250	23.604066	0.000000	
27.400000	-24.370125	23.662704	0.000000	
27.450000	-24.333000	23.721341	0.000000	
27.500000	-24.295874	23.779978	0.000000	
27.550000	-24.258747	23.838614	0.000000	
27.600000	-24.221620	23.897250	0.000000	
27.650000	-24.184492	23.955884	0.000000	
27.700000	-24.147363	24.014518	0.000000	
27.750000	-24.110235	24.073152	0.000000	
27.800000	-24.073105	24.131785	0.000000	
27.850000	-24.035975	24.190417	0.000000	
27.900000	-23.998845	24.249049	0.000000	
27.950000	-23.961714	24.307680	0.000000	
28.000000	-23.924583	24.366310	0.000000	
28.050000	-23.887451	24.424941	0.000000	
28.100000	-23.850319	24.483570	0.000000	
28.150000	-23.813186	24.542199	0.000000	
28.200000	-23.776053	24.600828	0.000000	
28.250000	-23.738920	24.659456	0.000000	
28.300000	-23.701786	24.718083	0.000000	
28.350000	-23.664651	24.776710	0.000000	
28.400000	-23.627516	24.835336	0.000000	
28.450000	-23.590381	24.893961	0.000000	
28.500000	-23.553245	24.952586	0.000000	
28.550000	-23.516108	25.011210	0.000000	
28.600000	-23.478970	25.069833	0.000000	
28.650000	-23.441831	25.128454	0.000000	
28.700000	-23.404692	25.187075	0.000000	
28.750000	-23.367551	25.245694	0.000000	
28.800000	-23.330409	25.304312	0.000000	
28.850000	-23.293266	25.362928	0.000000	
28.900000	-23.256122	25.421544	0.000000	
28.950000	-23.218978	25.480158	0.000000	
29.000000	-23.181832	25.538771	0.000000	
29.050000	-23.144685	25.597383	0.000000	
29.100000	-23.107537	25.655993	0.000000	
29.150000	-23.070388	25.714603	0.000000	
29.200000	-23.033239	25.773211	0.000000	
29.250000	-22.996088	25.831819	0.000000	
29.300000	-22.958937	25.890425	0.000000	
29.350000	-22.921785	25.949031	0.000000	
29.400000	-22.884632	26.007635	0.000000	
29.450000	-22.847478	26.066238	0.000000	
29.500000	-22.810323	26.124840	0.000000	
29.550000	-22.773168	26.183442	0.000000	
29.600000	-22.736011	26.242042	0.000000	
29.650000	-22.698854	26.300641	0.000000	
29.700000	-22.661696	26.359239	0.000000	
29.750000	-22.624537	26.417837	0.000000	
29.800000	-22.587377	26.476433	0.000000	
29.850000	-22.550216	26.535028	0.000000	
29.900000	-22.513054	26.593621	0.000000	
29.950000	-22.475891	26.652213	0.000000	
30.000000	-22.438727	26.710804	0.000000	
30.050000	-22.401562	26.769394	0.000000	
30.100000	-22.364396	26.827983	0.000000	
30.150000	-22.327229	26.886570	0.000000	
30.200000	-22.290061	26.945156	0.000000	
30.250000	-22.252892	27.003741	0.000000	
30.300000	-22.215721	27.062324	0.000000	
30.350000	-22.178549	27.120906	0.000000	
30.400000	-22.141376	27.179487	0.000000	
30.450000	-22.104202	27.238066	0.000000	
30.500000	-22.067027	27.296643	0.000000	
30.550000	-22.029850	27.355219	0.000000	
30.600000	-21.992672	27.413793	0.000000	
30.650000	-21.955493	27.472366	0.000000	
30.700000	-21.918313	27.530938	0.000000	
30.750000	-21.881131	27.589507	0.000000	
30.800000	-21.843948	27.648075	0.000000	
30.850000	-21.806763	27.706642	0.000000	
30.900000	-21.769577	27.765206	0.000000	
30.950000	-21.732390	27.823770	0.000000	
31.000000	-21.695202	27.882331	0.000000	
31.050000	-21.658012	27.940892	0.000000	
31.100000	-21.620822	27.999451	0.000000	
31.150000	-21.583630	28.058008	0.000000	
31.200000	-21.546437	28.116564	0.000000	
31.250000	-21.509243	28.175119	0.000000	
31.300000	-21.472048	28.233673	0.000000	
31.350000	-21.434852	28.292226	0.000000	
31.400000	-21.397654	28.350777	0.000000	
31.450000	-21.360456	28.409326	0.000000	
31.500000	-21.323256	28.467874	0.000000	
31.550000	-21.286055	28.526421	0.000000	
31.600000	-21.248853	28.584967	0.000000	
31.650000	-21.211650	28.643511	0.000000	
31.700000	-21.174446	28.702054	0.000000	
31.750000	-21.137242	28.760596	0.000000	
31.800000	-21.100036	28.819137	0.000000	
31.850000	-21.062829	28.877677	0.000000	
31.900000	-21.025622	28.936216	0.000000	
31.950000	-20.988414	28.994754	0.000000	
32.000000	-20.951205	29.053291	0.000000	
32.050000	-20.913995	29.111826	0.000000	
32.100000	-20.876784	29.170361	0.000000	
32.150000	-20.839572	29.228894	0.000000	
32.200000	-20.802359	29.287426	0.000000	
32.250000	-20.765145	29.345957	0.000000	
32.300000	-20.727930	29.404487	0.000000	
32.350000	-20.690714	29.463016	0.000000	
32.400000	-20.653498	29.521544	0.000000	
32.450000	-20.616281	29.580071	0.000000	
32.500000	-20.579063	29.638597	0.000000	
32.550000	-20.541843	29.697122	0.000000	
32.600000	-20.504623	29.755645	0.000000	
32.650000	-20.467402	29.814168	0.000000	
32.700000	-20.430180	29.872689	0.000000	
32.750000	-20.392957	29.931208	0.000000	
32.800000	-20.355733	29.989727	0.000000	
32.850000	-20.318507	30.048244	0.000000	
32.900000	-20.281281	30.106760	0.000000	
32.950000	-20.244053	30.165274	0.000000	
33.000000	-20.206825	30.223787	0.000000	
33.050000	-20.169595	30.282299	0.000000	
33.100000	-20.132364	30.340809	0.000000	
33.150000	-20.095132	30.399318	0.000000	
33.200000	-20.057898	30.457826	0.000000	
33.250000	-20.020664	30.516332	0.000000	
33.300000	-19.983428	30.574837	0.000000	
33.350000	-19.946192	30.633340	0.000000	
33.400000	-19.908954	30.691843	0.000000	
33.450000	-19.871716	30.750344	0.000000	
33.500000	-19.834476	30.808844	0.000000	
33.550000	-19.797236	30.867342	0.000000	
33.600000	-19.759994	30.925839	0.000000	
33.650000	-19.722752	30.984335	0.000000	
33.700000	-19.685508	31.042830	0.000000	
33.750000	-19.648263	31.101323	0.000000	
33.800000	-19.611016	31.159815	0.000000	
33.850000	-19.573769	31.218305	0.000000	
33.900000	-19.536519	31.276793	0.000000	
33.950000	-19.499269	31.335279	0.000000	
34.000000	-19.462017	31.393764	0.000000	
34.050000	-19.424764	31.452247	0.000000	
34.100000	-19.387509	31.510729	0.000000	
34.150000	-19.350253	31.569208	0.000000	
34.200000	-19.312995	31.627686	0.000000	
34.250000	-19.275736	31.686162	0.000000	
34.300000	-19.238475	31.744636	0.000000	
34.350000	-19.201213	31.803109	0.000000	
34.400000	-19.163949	31.861580	0.000000	
34.450000	-19.126685	31.920049	0.000000	
34.500000	-19.089419	31.978517	0.000000	
34.550000	-19.052151	32.036983	0.000000	
34.600000	-19.014882	32.095448	0.000000	
34.650000	-18.977613	32.153911	0.000000	
34.700000	-18.940341	32.212372	0.000000	
34.750000	-18.903069	32.270832	0.000000	
34.800000	-18.865795	32.329290	0.000000	
34.850000	-18.828519	32.387746	0.000000	
34.900000	-18.791242	32.446201	0.000000	
34.950000	-18.753964	32.504654	0.000000	
35.000000	-18.716685	32.563106	0.000000	
35.050000	-18.679404	32.621556	0.000000	
35.100000	-18.642121	32.680004	0.000000	
35.150000	-18.604838	32.738451	0.000000	
35.200000	-18.567553	32.796896	0.000000	
35.250000	-18.530267	32.855340	0.000000	
35.300000	-18.492980	32.913782	0.000000	
35.350000	-18.455692	32.972223	0.000000	
35.400000	-18.418402	33.030662	0.000000	
35.450000	-18.381111	33.089100	0.000000	
35.500000	-18.343819	33.147536	0.000000	
35.550000	-18.306526	33.205972	0.000000	
35.600000	-18.269232	33.264405	0.000000	
35.650000	-18.231936	33.322837	0.000000	
35.700000	-18.194640	33.381268	0.000000	
35.750000	-18.157342	33.439698	0.000000	
35.800000	-18.120043	33.498126	0.000000	
35.850000	-18.082743	33.556553	0.000000	
35.900000	-18.045442	33.614979	0.000000	
35.950000	-18.008140	33.673403	0.000000	
36.000000	-17.970836	33.731825	0.000000	
36.050000	-17.933531	33.790246	0.000000	
36.100000	-17.896225	33.848666	0.000000	
36.150000	-17.858918	33.907084	0.000000	
36.200000	-17.821610	33.965501	0.000000	
36.250000	-17.784301	34.023916	0.000000	
36.300000	-17.746990	34.082330	0.000000	
36.350000	-17.709679	34.140743	0.000000	
36.400000	-17.672366	34.199155	0.000000	
36.450000	-17.635053	34.257566	0.000000	
36.500000	-17.597739	34.315976	0.000000	
36.550000	-17.555756	34.358550	0.000000	
36.600000	-17.496686	34.343166	0.000000	
36.650000	-17.437616	34.327781	0.000000	
36.700000	-17.378544	34.312395	0.000000	
36.750000	-17.319472	34.297008	0.000000	
36.800000	-17.260399	34.281620	0.000000	
36.850000	-17.201325	34.266231	0.000000	
36.900000	-17.142250	34.250841	0.000000	
36.950000	-17.083175	34.235450	0.000000	
37.000000	-17.024099	34.220058	0.000000	
37.050000	-16.965021	34.204665	0.000000	
37.100000	-16.905944	34.189271	0.000000	
37.150000	-16.846865	34.173877	0.000000	
37.200000	-16.787786	34.158481	0.000000	
37.250000	-16.728706	34.143085	0.000000	
37.300000	-16.669625	34.127688	0.000000	
37.350000	-16.610544	34.112290	0.000000	
37.400000	-16.551462	34.096891	0.000000	
37.450000	-16.492379	34.081491	0.000000	
37.500000	-16.433295	34.066090	0.000000	
37.550000	-16.374210	34.050688	0.000000	
37.600000	-16.315125	34.035285	0.000000	
37.650000	-16.256038	34.019880	0.000000	
37.700000	-16.196951	34.004475	0.000000	
37.750000	-16.137863	33.989069	0.000000	
37.800000	-16.078774	33.973662	0.000000	
37.850000	-16.019684	33.958254	0.000000	
37.900000	-15.960594	33.942845	0.000000	
37.950000	-15.901503	33.927435	0.000000	
38.000000	-15.842410	33.912023	0.000000	
38.050000	-15.783317	33.896610	0.000000	
38.100000	-15.724223	33.881196	0.000000	
38.150000	-15.665127	33.865781	0.000000	
38.200000	-15.606031	33.850365	0.000000	
38.250000	-15.546933	33.834947	0.000000	
38.300000	-15.487835	33.819528	0.000000	
38.350000	-15.428735	33.804107	0.000000	
38.400000	-15.369634	33.788685	0.000000	
38.450000	-15.310532	33.773262	0.000000	
38.500000	-15.251428	33.757837	0.000000	
38.550000	-15.192324	33.742410	0.000000	
38.600000	-15.133218	33.726982	0.000000	
38.650000	-15.074112	33.711553	0.000000	
38.700000	-15.015004	33.696123	0.000000	
38.750000	-14.955895	33.680691	0.000000	
38.800000	-14.896784	33.665257	0.000000	
38.850000	-14.837672	33.649822	0.000000	
38.900000	-14.778559	33.634385	0.000000	
38.950000	-14.719445	33.618946	0.000000	
39.000000	-14.660329	33.603507	0.000000	
39.050000	-14.601213	33.588065	0.000000	
39.100000	-14.542095	33.572622	0.000000	
39.150000	-14.482976	33.557178	0.000000	
39.200000	-14.423855	33.541732	0.000000	
39.250000	-14.364734	33.526285	0.000000	
39.300000	-14.305611	33.510836	0.000000	
39.350000	-14.246487	33.495386	0.000000	
39.400000	-14.187361	33.479934	0.000000	
39.450000	-14.128235	33.464480	0.000000	
39.500000	-14.069107	33.449025	0.000000	
39.550000	-14.009978	33.433569	0.000000	
39.600000	-13.950847	33.418111	0.000000	
39.650000	-13.891716	33.402652	0.000000	
39.700000	-13.832583	33.387191	0.000000	
39.750000	-13.773449	33.371729	0.000000	
39.800000	-13.714314	33.356265	0.000000	
39.850000	-13.655178	33.340800	0.000000	
39.900000	-13.596041	33.325334	0.000000	
39.950000	-13.536904	33.309867	0.000000	
40.000000	-13.477765	33.294399	0.000000	
40.050000	-13.418625	33.278929	0.000000	
40.100000	-13.359484	33.263458	0.000000	
40.150000	-13.300342	33.247986	0.000000	
40.200000	-13.241199	33.232512	0.000000	
40.250000	-13.182055	33.217038	0.000000	
40.300000	-13.122910	33.201562	0.000000	
40.350000	-13.063764	33.186085	0.000000	
40.400000	-13.004617	33.170607	0.000000	
40.450000	-12.945470	33.155129	0.000000	
40.500000	-12.886322	33.139649	0.000000	
40.550000	-12.827172	33.124167	0.000000	
40.600000	-12.768021	33.108685	0.000000	
40.650000	-12.708870	33.093201	0.000000	
40.700000	-12.649717	33.077716	0.000000	
40.750000	-12.590564	33.062230	0.000000	
40.800000	-12.531409	33.046742	0.000000	
40.850000	-12.472253	33.031253	0.000000	
40.900000	-12.413096	33.015763	0.000000	
40.950000	-12.353938	33.000271	0.000000	
41.000000	-12.294779	32.984778	0.000000	
41.050000	-12.235618	32.969283	0.000000	
41.100000	-12.176457	32.953787	0.000000	
41.150000	-12.117294	32.938290	0.000000	
41.200000	-12.058130	32.922791	0.000000	
41.250000	-11.998965	32.907291	0.000000	
41.300000	-11.939798	32.891789	0.000000	
41.350000	-11.880631	32.876286	0.000000	
41.400000	-11.821463	32.860782	0.000000	
41.450000	-11.762293	32.845277	0.000000	
41.500000	-11.703123	32.829771	0.000000	
41.550000	-11.643952	32.814263	0.000000	
41.600000	-11.584781	32.798755	0.000000	
41.650000	-11.525608	32.783246	0.000000	
41.700000	-11.466434	32.767735	0.000000	
41.750000	-11.407260	32.752223	0.000000	
41.800000	-11.348084	32.736711	0.000000	
41.850000	-11.288908	32.721197	0.000000	
41.900000	-11.229732	32.705683	0.000000	
41.950000	-11.170554	32.690167	0.000000	
42.000000	-11.111376	32.674651	0.000000	
42.050000	-11.052197	32.659134	0.000000	
42.100000	-10.993017	32.643615	0.000000	
42.150000	-10.933836	32.628096	0.000000	
42.200000	-10.874654	32.612576	0.000000	
42.250000	-10.815472	32.597055	0.000000	
42.300000	-10.756289	32.581533	0.000000	
42.350000	-10.697106	32.566011	0.000000	
42.400000	-10.637922	32.550487	0.000000	
42.450000	-10.578738	32.534964	0.000000	
42.500000	-10.519553	32.519439	0.000000	
42.550000	-10.460367	32.503914	0.000000	
42.600000	-10.401182	32.488389	0.000000	
42.650000	-10.341995	32.472862	0.000000	
42.700000	-10.282808	32.457335	0.000000	
42.750000	-10.223621	32.441808	0.000000	
42.800000	-10.164432	32.426279	0.000000	
42.850000	-10.105243	32.410749	0.000000	
42.900000	-10.046054	32.395219	0.000000	
42.950000	-9.986863	32.379688	0.000000	
43.000000	-9.927672	32.364155	0.000000	
43.050000	-9.868480	32.348622	0.000000	
43.100000	-9.809287	32.333088	0.000000	
43.150000	-9.750094	32.317554	0.000000	
43.200000	-9.690901	32.302019	0.000000	
43.250000	-9.631707	32.286483	0.000000	
43.300000	-9.572512	32.270946	0.000000	
43.350000	-9.513317	32.255409	0.000000	
43.400000	-9.454122	32.239872	0.000000	
43.450000	-9.394926	32.224334	0.000000	
43.500000	-9.335729	32.208795	0.000000	
43.550000	-9.276532	32.193255	0.000000	
43.600000	-9.217335	32.177715	0.000000	
43.650000	-9.158137	32.162175	0.000000	
43.700000	-9.098940	32.146635	0.000000	
43.750000	-9.039742	32.131095	0.000000	
43.800000	-8.980544	32.115555	0.000000	
43.850000	-8.921346	32.100014	0.000000	
43.900000	-8.862148	32.084474	0.000000	
43.950000	-8.802950	32.068933	0.000000	
44.000000	-8.743752	32.053392	0.000000	
44.050000	-8.684553	32.037850	0.000000	
44.100000	-8.625355	32.022309	0.000000	
44.150000	-8.566156	32.006767	0.000000	
44.200000	-8.506957	31.991225	0.000000	
44.250000	-8.447758	31.975683	0.000000	
44.300000	-8.388558	31.960140	0.000000	
44.350000	-8.329358	31.944598	0.000000	
44.400000	-8.270158	31.929054	0.000000	
44.450000	-8.210958	31.913511	0.000000	
44.500000	-8.151758	31.897967	0.000000	
44.550000	-8.092556	31.882422	0.000000	
44.600000	-8.033355	31.866877	0.000000	
44.650000	-7.974153	31.851332	0.000000	
44.700000	-7.914951	31.835786	0.000000	
44.750000	-7.855749	31.820240	0.000000	
44.800000	-7.796546	31.804693	0.000000	
44.850000	-7.737343	31.789147	0.000000	
44.900000	-7.678140	31.773600	0.000000	
44.950000	-7.618937	31.758053	0.000000	
45.000000	-7.559734	31.742506	0.000000	
45.050000	-7.500531	31.726959	0.000000	
45.100000	-7.441328	31.711412	0.000000	
45.150000	-7.382125	31.695866	0.000000	
45.200000	-7.322923	31.680319	0.000000	
45.250000	-7.263720	31.664772	0.000000	
45.300000	-7.204517	31.649226	0.000000	
45.350000	-7.145314	31.633679	0.000000	
45.400000	-7.086112	31.618133	0.000000	
45.450000	-7.026909	31.602586	0.000000	
45.500000	-6.967707	31.587040	0.000000	
45.550000	-6.908504	31.571493	0.000000	
45.600000	-6.849301	31.555947	0.000000	
45.650000	-6.790099	31.540400	0.000000	
45.700000	-6.730896	31.524854	0.000000	
45.750000	-6.671694	31.509308	0.000000	
45.800000	-6.612492	31.493762	0.000000	
45.850000	-6.553290	31.478217	0.000000	
45.900000	-6.494088	31.462672	0.000000	
45.950000	-6.434887	31.447127	0.000000	
46.000000	-6.375686	31.431583	0.000000	
46.050000	-6.316486	31.416039	0.000000	
46.100000	-6.257285	31.400495	0.000000	
46.150000	-6.198085	31.384951	0.000000	
46.200000	-6.138884	31.369408	0.000000	
46.250000	-6.079684	31.353864	0.000000	
46.300000	-6.020484	31.338321	0.000000	
46.350000	-5.961285	31.322779	0.000000	
46.400000	-5.902085	31.307236	0.000000	
46.450000	-5.842886	31.291694	0.000000	
46.500000	-5.783687	31.276153	0.000000	
46.550000	-5.724489	31.260611	0.000000	
46.600000	-5.665291	31.245070	0.000000	
46.650000	-5.606093	31.229530	0.000000	
46.700000	-5.546895	31.213989	0.000000	
46.750000	-5.487697	31.198449	0.000000	
46.800000	-5.428499	31.182908	0.000000	
46.850000	-5.369302	31.167368	0.000000	
46.900000	-5.310104	31.151827	0.000000	
46.950000	-5.250906	31.136287	0.000000	
47.000000	-5.191709	31.120747	0.000000	
47.050000	-5.132511	31.105207	0.000000	
47.100000	-5.073314	31.089667	0.000000	
47.150000	-5.014117	31.074128	0.000000	
47.200000	-4.954920	31.058588	0.000000	
47.250000	-4.895723	31.043049	0.000000	
47.300000	-4.836527	31.027510	0.000000	
47.350000	-4.777330	31.011971	0.000000	
47.400000	-4.718134	30.996432	0.000000	
47.450000	-4.658938	30.980894	0.000000	
47.500000	-4.599742	30.965355	0.000000	
47.550000	-4.540545	30.949817	0.000000	
47.600000	-4.481350	30.934279	0.000000	
47.650000	-4.422154	30.918741	0.000000	
47.700000	-4.362958	30.903203	0.000000	
47.750000	-4.303762	30.887665	0.000000	
47.800000	-4.244567	30.872127	0.000000	
47.850000	-4.185372	30.856590	0.000000	
47.900000	-4.126177	30.841053	0.000000	
47.950000	-4.066982	30.825516	0.000000	
48.000000	-4.007787	30.809980	0.000000	
48.050000	-3.948593	30.794444	0.000000	
48.100000	-3.889399	30.778908	0.000000	
48.150000	-3.830206	30.763373	0.000000	
48.200000	-3.771012	30.747838	0.000000	
48.250000	-3.711819	30.732304	0.000000	
48.300000	-3.652627	30.716770	0.000000	
48.350000	-3.593435	30.701236	0.000000	
48.400000	-3.534242	30.685702	0.000000	
48.450000	-3.475050	30.670169	0.000000	
48.500000	-3.415858	30.654636	0.000000	
48.550000	-3.356666	30.639103	0.000000	
48.600000	-3.297474	30.623569	0.000000	
48.650000	-3.238283	30.608036	0.000000	
48.700000	-3.179091	30.592503	0.000000	
48.750000	-3.119899	30.576970	0.000000	
48.800000	-3.060708	30.561438	0.000000	
48.850000	-3.001517	30.545906	0.000000	
48.900000	-2.942326	30.530374	0.000000	
48.950000	-2.883136	30.514843	0.000000	
49.000000	-2.823946	30.499312	0.000000	
49.050000	-2.764756	30.483782	0.000000	
49.100000	-2.705567	30.468252	0.000000	
49.150000	-2.646378	30.452722	0.000000	
49.200000	-2.587189	30.437193	0.000000	
49.250000	-2.528000	30.421664	0.000000	
49.300000	-2.468811	30.406135	0.000000	
49.350000	-2.409623	30.390606	0.000000	
49.400000	-2.350435	30.375077	0.000000	
49.450000	-2.291246	30.359548	0.000000	
49.500000	-2.232058	30.344019	0.000000	
49.550000	-2.172869	30.328490	0.000000	
49.600000	-2.113680	30.312961	0.000000	
49.650000	-2.054491	30.297431	0.000000	
49.700000	-1.995301	30.281901	0.000000	
49.750000	-1.936112	30.266371	0.000000	
49.800000	-1.876922	30.250841	0.000000	
49.850000	-1.817733	30.235310	0.000000	
49.900000	-1.758543	30.219780	0.000000	
49.950000	-1.699354	30.204250	0.000000	
50.000000	-1.640164	30.188720	0.000000	
50.050000	-1.580975	30.173189	0.000000	
50.100000	-1.521785	30.157659	0.000000	
50.150000	-1.462595	30.142128	0.000000	
50.200000	-1.403405	30.126597	0.000000	
50.250000	-1.344214	30.111066	0.000000	
50.300000	-1.285023	30.095534	0.000000	
50.350000	-1.225833	30.080002	0.000000	
50.400000	-1.166641	30.064470	0.000000	
50.450000	-1.183243	30.068845	0.000000	
50.500000	-1.221688	30.078956	0.000000	
50.550000	-1.260132	30.089067	0.000000	
50.600000	-1.298576	30.099178	0.000000	
50.650000	-1.337019	30.109289	0.000000	
50.700000	-1.375463	30.119399	0.000000	
50.750000	-1.413906	30.129509	0.000000	
50.800000	-1.452348	30.139619	0.000000	
50.850000	-1.490791	30.149728	0.000000	
50.900000	-1.529233	30.159837	0.000000	
50.950000	-1.567675	30.169946	0.000000	
51.000000	-1.606117	30.180054	0.000000	
51.050000	-1.644558	30.190162	0.000000	
51.100000	-1.682999	30.200269	0.000000	
51.150000	-1.721440	30.210376	0.000000	
51.200000	-1.759880	30.220483	0.000000	
51.250000	-1.798320	30.230589	0.000000	
51.300000	-1.836760	30.240695	0.000000	
51.350000	-1.875199	30.250800	0.000000	
51.400000	-1.913637	30.260904	0.000000	
51.450000	-1.952075	30.271008	0.000000	
51.500000	-1.990513	30.281111	0.000000	
51.550000	-2.028949	30.291212	0.000000	
51.600000	-2.067385	30.301313	0.000000	
51.650000	-2.105820	30.311413	0.000000	
51.700000	-2.144255	30.321512	0.000000	
51.750000	-2.182688	30.331611	0.000000	
51.800000	-2.221122	30.341709	0.000000	
51.850000	-2.259554	30.351806	0.000000	
51.900000	-2.297987	30.361902	0.000000	
51.950000	-2.336418	30.371998	0.000000	
52.000000	-2.374850	30.382094	0.000000	
52.050000	-2.413281	30.392189	0.000000	
52.100000	-2.451713	30.402284	0.000000	
52.150000	-2.490144	30.412379	0.000000	
52.200000	-2.528574	30.422473	0.000000	
52.250000	-2.567004	30.432567	0.000000	
52.300000	-2.605434	30.442660	0.000000	
52.350000	-2.643863	30.452753	0.000000	
52.400000	-2.682292	30.462845	0.000000	
52.450000	-2.720720	30.472936	0.000000	
52.500000	-2.759147	30.483026	0.000000	
52.550000	-2.797574	30.493116	0.000000	
52.600000	-2.836001	30.503206	0.000000	
52.650000	-2.874428	30.513295	0.000000	
52.700000	-2.912854	30.523384	0.000000	
52.750000	-2.951279	30.533472	0.000000	
52.800000	-2.989705	30.543560	0.000000	
52.850000	-3.028130	30.553647	0.000000	
52.900000	-3.066554	30.563734	0.000000	
52.950000	-3.104979	30.573820	0.000000	
53.000000	-3.143403	30.583907	0.000000	
53.050000	-3.181827	30.593993	0.000000	
53.100000	-3.220250	30.604078	0.000000	
53.150000	-3.258674	30.614163	0.000000	
53.200000	-3.297097	30.624248	0.000000	
53.250000	-3.335520	30.634333	0.000000	
53.300000	-3.373943	30.644418	0.000000	
53.350000	-3.412365	30.654502	0.000000	
53.400000	-3.450788	30.664586	0.000000	
53.450000	-3.489210	30.674670	0.000000	
53.500000	-3.527632	30.684753	0.000000	
53.550000	-3.566054	30.694836	0.000000	
53.600000	-3.604475	30.704919	0.000000	
53.650000	-3.642896	30.715002	0.000000	
53.700000	-3.681317	30.725084	0.000000	
53.750000	-3.719738	30.735166	0.000000	
53.800000	-3.758159	30.745249	0.000000	
53.850000	-3.796580	30.755331	0.000000	
53.900000	-3.835001	30.765413	0.000000	
53.950000	-3.873422	30.775495	0.000000	
54.000000	-3.911842	30.785577	0.000000	
54.050000	-3.950263	30.795658	0.000000	
54.100000	-3.988682	30.805738	0.000000	
54.150000	-4.027102	30.815819	0.000000	
54.200000	-4.065521	30.825899	0.000000	
54.250000	-4.103940	30.835978	0.000000	
54.300000	-4.142358	30.846057	0.000000	
54.350000	-4.180777	30.856136	0.000000	
54.400000	-4.219195	30.866215	0.000000	
54.450000	-4.257613	30.876293	0.000000	
54.500000	-4.296031	30.886372	0.000000	
54.550000	-4.334449	30.896450	0.000000	
54.600000	-4.372867	30.906528	0.000000	
54.650000	-4.411284	30.916606	0.000000	
54.700000	-4.449702	30.926684	0.000000	
54.750000	-4.488120	30.936762	0.000000	
54.800000	-4.526537	30.946840	0.000000	
54.850000	-4.564954	30.956917	0.000000	
54.900000	-4.603372	30.966995	0.000000	
54.950000	-4.641789	30.977072	0.000000	
55.000000	-4.680206	30.987150	0.000000	
55.050000	-4.718623	30.997227	0.000000	
55.100000	-4.757040	31.007304	0.000000	
55.150000	-4.795457	31.017381	0.000000	
55.200000	-4.833873	31.027457	0.000000	
55.250000	-4.872289	31.037533	0.000000	
55.300000	-4.910705	31.047609	0.000000	
55.350000	-4.949121	31.057685	0.000000	
55.400000	-4.987536	31.067760	0.000000	
55.450000	-5.025951	31.077834	0.000000	
55.500000	-5.064366	31.087909	0.000000	
55.550000	-5.102780	31.097983	0.000000	
55.600000	-5.141194	31.108056	0.000000	
55.650000	-5.179609	31.118130	0.000000	
55.700000	-5.218023	31.128203	0.000000	
55.750000	-5.256436	31.138276	0.000000	
55.800000	-5.294850	31.148349	0.000000	
55.850000	-5.333264	31.158422	0.000000	
55.900000	-5.371677	31.168495	0.000000	
55.950000	-5.410090	31.178567	0.000000	
56.000000	-5.448503	31.188640	0.000000	
56.050000	-5.486917	31.198712	0.000000	
56.100000	-5.525330	31.208784	0.000000	
56.150000	-5.563743	31.218857	0.000000	
56.200000	-5.602155	31.228928	0.000000	
56.250000	-5.640568	31.239000	0.000000	
56.300000	-5.678981	31.249072	0.000000	
56.350000	-5.717394	31.259144	0.000000	
56.400000	-5.755807	31.269216	0.000000	
56.450000	-5.794220	31.279288	0.000000	
56.500000	-5.832633	31.289360	0.000000	
56.550000	-5.871045	31.299432	0.000000	
56.600000	-5.909459	31.309505	0.000000	
56.650000	-5.947872	31.319577	0.000000	
56.700000	-5.986285	31.329649	0.000000	
56.750000	-6.024698	31.339722	0.000000	
56.800000	-6.063112	31.349795	0.000000	
56.850000	-6.101526	31.359868	0.000000	
56.900000	-6.139940	31.369941	0.000000	
56.950000	-6.178354	31.380015	0.000000	
57.000000	-6.216769	31.390089	0.000000	
57.050000	-6.255183	31.400164	0.000000	
57.100000	-6.293598	31.410238	0.000000	
57.150000	-6.332013	31.420313	0.000000	
57.200000	-6.370429	31.430388	0.000000	
57.250000	-6.408844	31.440463	0.000000	
57.300000	-6.447260	31.450539	0.000000	
57.350000	-6.485675	31.460614	0.000000	
57.400000	-6.524091	31.470689	0.000000	
57.450000	-6.562506	31.480765	0.000000	
57.500000	-6.600922	31.490840	0.000000	
57.550000	-6.639338	31.500916	0.000000	
57.600000	-6.677753	31.510991	0.000000	
57.650000	-6.716169	31.521067	0.000000	
57.700000	-6.754585	31.531143	0.000000	
57.750000	-6.793002	31.541219	0.000000	
57.800000	-6.831418	31.551295	0.000000	
57.850000	-6.869835	31.561372	0.000000	
57.900000	-6.908251	31.571449	0.000000	
57.950000	-6.946669	31.581526	0.000000	
58.000000	-6.985086	31.591604	0.000000	
58.050000	-7.023504	31.601682	0.000000	
58.100000	-7.061922	31.611761	0.000000	
58.150000	-7.100340	31.621840	0.000000	
58.200000	-7.138759	31.631919	0.000000	
58.250000	-7.177178	31.641998	0.000000	
58.300000	-7.215596	31.652077	0.000000	
58.350000	-7.254015	31.662157	0.000000	
58.400000	-7.292434	31.672236	0.000000	
58.450000	-7.330852	31.682315	0.000000	
58.500000	-7.369271	31.692394	0.000000	
58.550000	-7.407689	31.702473	0.000000	
58.600000	-7.446107	31.712551	0.000000	
58.650000	-7.484524	31.722629	0.000000	
58.700000	-7.522942	31.732706	0.000000	
58.750000	-7.561359	31.742784	0.000000	
58.800000	-7.599775	31.752860	0.000000	
58.850000	-7.638191	31.762936	0.000000	
58.900000	-7.676608	31.773012	0.000000	
58.950000	-7.715023	31.783088	0.000000	
59.000000	-7.753439	31.793164	0.000000	
59.050000	-7.791855	31.803240	0.000000	
59.100000	-7.830271	31.813316	0.000000	
59.150000	-7.868687	31.823391	0.000000	
59.200000	-7.907103	31.833467	0.000000	
59.250000	-7.945518	31.843542	0.000000	
59.300000	-7.983934	31.853618	0.000000	
59.350000	-8.022350	31.863693	0.000000	
59.400000	-8.060766	31.873769	0.000000	
59.450000	-8.099181	31.883845	0.000000	
59.500000	-8.137598	31.893921	0.000000	
59.550000	-8.176014	31.903997	0.000000	
59.600000	-8.214430	31.914073	0.000000	
59.650000	-8.252846	31.924149	0.000000	
59.700000	-8.291263	31.934226	0.000000	
59.750000	-8.329679	31.944302	0.000000	
59.800000	-8.368096	31.954379	0.000000	
59.850000	-8.406512	31.964455	0.000000	
59.900000	-8.444929	31.974532	0.000000	
59.950000	-8.483345	31.984608	0.000000	
60.000000	-8.521761	31.994684	0.000000	
60.050000	-8.560177	32.004759	0.000000	
60.100000	-8.598592	32.014834	0.000000	
60.150000	-8.637007	32.024909	0.000000	
60.200000	-8.675422	32.034984	0.000000	
60.250000	-8.713836	32.045057	0.000000	
60.300000	-8.752250	32.055131	0.000000	
60.350000	-8.790664	32.065204	0.000000	
60.400000	-8.829077	32.075277	0.000000	
60.450000	-8.867491	32.085349	0.000000	
60.500000	-8.905903	32.095421	0.000000	
60.550000	-8.944316	32.105493	0.000000	
60.600000	-8.982729	32.115564	0.000000	
60.650000	-9.021141	32.125636	0.000000	
60.700000	-9.059553	32.135707	0.000000	
60.750000	-9.097965	32.145777	0.000000	
60.800000	-9.136376	32.155848	0.000000	
60.850000	-9.174787	32.165917	0.000000	
60.900000	-9.213198	32.175987	0.000000	
60.950000	-9.251609	32.186056	0.000000	
61.000000	-9.290019	32.196124	0.000000	
61.050000	-9.328428	32.206192	0.000000	
61.100000	-9.366837	32.216259	0.000000	
61.150000	-9.405246	32.226326	0.000000	
61.200000	-9.443654	32.236392	0.000000	
61.250000	-9.482061	32.246457	0.000000	
61.300000	-9.520469	32.256522	0.000000	
61.350000	-9.558875	32.266587	0.000000	
61.400000	-9.597282	32.276651	0.000000	
61.450000	-9.635688	32.286715	0.000000	
61.500000	-9.674094	32.296777	0.000000	
61.550000	-9.712499	32.306840	0.000000	
61.600000	-9.750903	32.316901	0.000000	
61.650000	-9.789307	32.326962	0.000000	
61.700000	-9.827710	32.337022	0.000000	
61.750000	-9.866113	32.347081	0.000000	
61.800000	-9.904515	32.357140	0.000000	
61.850000	-9.942917	32.367198	0.000000	
61.900000	-9.981318	32.377256	0.000000	
61.950000	-10.019719	32.387313	0.000000	
62.000000	-10.058120	32.397370	0.000000	
62.050000	-10.096520	32.407426	0.000000	
62.100000	-10.134920	32.417482	0.000000	
62.150000	-10.173319	32.427537	0.000000	
62.200000	-10.211718	32.437592	0.000000	
62.250000	-10.250116	32.447646	0.000000	
62.300000	-10.288514	32.457699	0.000000	
62.350000	-10.326911	32.467752	0.000000	
62.400000	-10.365308	32.477803	0.000000	
62.450000	-10.403704	32.487855	0.000000	
62.500000	-10.442100	32.497906	0.000000	
62.550000	-10.480495	32.507956	0.000000	
62.600000	-10.518890	32.518005	0.000000	
62.650000	-10.557284	32.528054	0.000000	
62.700000	-10.595678	32.538102	0.000000	
62.750000	-10.634071	32.548149	0.000000	
62.800000	-10.672463	32.558196	0.000000	
62.850000	-10.710856	32.568242	0.000000	
62.900000	-10.749248	32.578288	0.000000	
62.950000	-10.787640	32.588334	0.000000	
63.000000	-10.826031	32.598380	0.000000	
63.050000	-10.864423	32.608425	0.000000	
63.100000	-10.902814	32.618470	0.000000	
63.150000	-10.941206	32.628516	0.000000	
63.200000	-10.979597	32.638561	0.000000	
63.250000	-11.017988	32.648606	0.000000	
63.300000	-11.056379	32.658651	0.000000	
63.350000	-11.094770	32.668695	0.000000	
63.400000	-11.133161	32.678740	0.000000	
63.450000	-11.171552	32.688785	0.000000	
63.500000	-11.209943	32.698829	0.000000	
63.550000	-11.248333	32.708873	0.000000	
63.600000	-11.286724	32.718918	0.000000	
63.650000	-11.325115	32.728962	0.000000	
63.700000	-11.363506	32.739007	0.000000	
63.750000	-11.401896	32.749051	0.000000	
63.800000	-11.440287	32.759096	0.000000	
63.850000	-11.478677	32.769140	0.000000	
63.900000	-11.517068	32.779184	0.000000	
63.950000	-11.555458	32.789228	0.000000	
64.000000	-11.593849	32.799272	0.000000	
64.050000	-11.632238	32.809315	0.000000	
64.100000	-11.670628	32.819358	0.000000	
64.150000	-11.709018	32.829401	0.000000	
64.200000	-11.747407	32.839444	0.000000	
64.250000	-11.785796	32.849486	0.000000	
64.300000	-11.824185	32.859529	0.000000	
64.350000	-11.862574	32.869571	0.000000	
64.400000	-11.900963	32.879614	0.000000	
64.450000	-11.939352	32.889656	0.000000	
64.500000	-11.977742	32.899698	0.000000	
64.550000	-12.016131	32.909741	0.000000	
64.600000	-12.054520	32.919783	0.000000	
64.650000	-12.092909	32.929826	0.000000	
64.700000	-12.131299	32.939869	0.000000	
64.750000	-12.169689	32.949913	0.000000	
64.800000	-12.208079	32.959956	0.000000	
64.850000	-12.246469	32.970000	0.000000	
64.900000	-12.284859	32.980044	0.000000	
64.950000	-12.323249	32.990087	0.000000	
65.000000	-12.361639	33.000131	0.000000	
65.050000	-12.400030	33.010175	0.000000	
65.100000	-12.438420	33.020219	0.000000	
65.150000	-12.476810	33.030263	0.000000	
65.200000	-12.515201	33.040307	0.000000	
65.250000	-12.553591	33.050351	0.000000	
65.300000	-12.591981	33.060394	0.000000	
65.350000	-12.630371	33.070438	0.000000	
65.400000	-12.668761	33.080481	0.000000	
65.450000	-12.707150	33.090524	0.000000	
65.500000	-12.745540	33.100567	0.000000	
65.550000	-12.783929	33.110610	0.000000	
65.600000	-12.822318	33.120652	0.000000	
65.650000	-12.860707	33.130694	0.000000	
65.700000	-12.899095	33.140735	0.000000	
65.750000	-12.937483	33.150776	0.000000	
65.800000	-12.975871	33.160817	0.000000	
65.850000	-13.014258	33.170857	0.000000	
65.900000	-13.052645	33.180896	0.000000	
65.950000	-13.091031	33.190935	0.000000	
66.000000	-13.129417	33.200974	0.000000	
66.050000	-13.167803	33.211012	0.000000	
66.100000	-13.206188	33.221049	0.000000	
66.150000	-13.244573	33.231086	0.000000	
66.200000	-13.282957	33.241122	0.000000	
66.250000	-13.321341	33.251158	0.000000	
66.300000	-13.359724	33.261193	0.000000	
66.350000	-13.398108	33.271228	0.000000	
66.400000	-13.436491	33.281263	0.000000	
66.450000	-13.474873	33.291297	0.000000	
66.500000	-13.513256	33.301330	0.000000	
66.550000	-13.551638	33.311364	0.000000	
66.600000	-13.590019	33.321397	0.000000	
66.650000	-13.628401	33.331430	0.000000	
66.700000	-13.666783	33.341463	0.000000	
66.750000	-13.705164	33.351495	0.000000	
66.800000	-13.743545	33.361528	0.000000	
66.850000	-13.781926	33.371560	0.000000	
66.900000	-13.820307	33.381591	0.000000	
66.950000	-13.858688	33.391623	0.000000	
67.000000	-13.897068	33.401654	0.000000	
67.050000	-13.935448	33.411685	0.000000	
67.100000	-13.973827	33.421715	0.000000	
67.150000	-14.012206	33.431744	0.000000	
67.200000	-14.050584	33.441773	0.000000	
67.250000	-14.088962	33.451801	0.000000	
67.300000	-14.127340	33.461828	0.000000	
67.350000	-14.165717	33.471856	0.000000	
67.400000	-14.204094	33.481883	0.000000	
67.450000	-14.242471	33.491910	0.000000	
67.500000	-14.280848	33.501937	0.000000	
67.550000	-14.319225	33.511963	0.000000	
67.600000	-14.357602	33.521990	0.000000	
67.650000	-14.395979	33.532016	0.000000	
67.700000	-14.434355	33.542042	0.000000	
67.750000	-14.472731	33.552068	0.000000	
67.800000	-14.511107	33.562094	0.000000	
67.850000	-14.549483	33.572120	0.000000	
67.900000	-14.587859	33.582145	0.000000	
67.950000	-14.626235	33.592170	0.000000	
68.000000	-14.664610	33.602195	0.000000	
68.050000	-14.702986	33.612221	0.000000	
68.100000	-14.741361	33.622246	0.000000	
68.150000	-14.779737	33.632271	0.000000	
68.200000	-14.818113	33.642296	0.000000	
68.250000	-14.856488	33.652321	0.000000	
68.300000	-14.894864	33.662346	0.000000	
68.350000	-14.933240	33.672372	0.000000	
68.400000	-14.971616	33.682397	0.000000	
68.450000	-15.009992	33.692423	0.000000	
68.500000	-15.048368	33.702449	0.000000	
68.550000	-15.086744	33.712475	0.000000	
68.600000	-15.125121	33.722501	0.000000	
68.650000	-15.163497	33.732528	0.000000	
68.700000	-15.201874	33.742554	0.000000	
68.750000	-15.240251	33.752581	0.000000	
68.800000	-15.278627	33.762607	0.000000	
68.850000	-15.317004	33.772633	0.000000	
68.900000	-15.355380	33.782660	0.000000	
68.950000	-15.393757	33.792686	0.000000	
69.000000	-15.432134	33.802713	0.000000	
69.050000	-15.470510	33.812739	0.000000	
69.100000	-15.508887	33.822766	0.000000	
69.150000	-15.547264	33.832792	0.000000	
69.200000	-15.585640	33.842819	0.000000	
69.250000	-15.624017	33.852845	0.000000	
69.300000	-15.662393	33.862871	0.000000	
69.350000	-15.700770	33.872898	0.000000	
69.400000	-15.739146	33.882924	0.000000	
69.450000	-15.777522	33.892950	0.000000	
69.500000	-15.815899	33.902976	0.000000	
69.550000	-15.854275	33.913001	0.000000	
69.600000	-15.892650	33.923026	0.000000	
69.650000	-15.931026	33.933051	0.000000	
69.700000	-15.969401	33.943076	0.000000	
69.750000	-16.007776	33.953100	0.000000	
69.800000	-16.046150	33.963124	0.000000	
69.850000	-16.084525	33.973147	0.000000	
69.900000	-16.122899	33.983171	0.000000	
69.950000	-16.161273	33.993194	0.000000	
70.000000	-16.199646	34.003216	0.000000	
70.050000	-16.238020	34.013239	0.000000	
70.100000	-16.276393	34.023260	0.000000	
70.150000	-16.314765	34.033282	0.000000	
70.200000	-16.353137	34.043302	0.000000	
70.250000	-16.391509	34.053323	0.000000	
70.300000	-16.429881	34.063343	0.000000	
70.350000	-16.468252	34.073362	0.000000	
70.400000	-16.506622	34.083381	0.000000	
70.450000	-16.544992	34.093399	0.000000	
70.500000	-16.583362	34.103416	0.000000	
70.550000	-16.621731	34.113433	0.000000	
70.600000	-16.660100	34.123449	0.000000	
70.650000	-16.698468	34.133465	0.000000	
70.700000	-16.736836	34.143480	0.000000	
70.750000	-16.775203	34.153495	0.000000	
70.800000	-16.813571	34.163509	0.000000	
70.850000	-16.851937	34.173523	0.000000	
70.900000	-16.890303	34.183536	0.000000	
70.950000	-16.928669	34.193549	0.000000	
71.000000	-16.967035	34.203561	0.000000	
71.050000	-17.005400	34.213573	0.000000	
71.100000	-17.043765	34.223584	0.000000	
71.150000	-17.082129	34.233595	0.000000	
71.200000	-17.120494	34.243606	0.000000	
71.250000	-17.158858	34.253617	0.000000	
71.300000	-17.197222	34.263627	0.000000	
71.350000	-17.235586	34.273638	0.000000	
71.400000	-17.273949	34.283647	0.000000	
71.450000	-17.312312	34.293656	0.000000	
71.500000	-17.350675	34.303665	0.000000	
71.550000	-17.389037	34.313673	0.000000	
71.600000	-17.427399	34.323681	0.000000	
71.650000	-17.465761	34.333688	0.000000	
71.700000	-17.504122	34.343696	0.000000	
71.750000	-17.542483	34.353702	0.000000	
71.800000	-17.580844	34.363708	0.000000	
71.850000	-17.619204	34.373714	0.000000	
71.900000	-17.657564	34.383719	0.000000	
71.950000	-17.695923	34.393724	0.000000	
72.000000	-17.734282	34.403728	0.000000	
72.050000	-17.772640	34.413731	0.000000	
72.100000	-17.810998	34.423733	0.000000	
72.150000	-17.849355	34.433735	0.000000	
72.200000	-17.887712	34.443736	0.000000	
72.250000	-17.926068	34.453736	0.000000	
72.300000	-17.964423	34.463736	0.000000	
72.350000	-18.002779	34.473735	0.000000	
72.400000	-18.033235	34.480898	0.000000	
72.450000	-17.979333	34.457771	0.000000	
72.500000	-17.925431	34.434643	0.000000	
72.550000	-17.871528	34.411515	0.000000	
72.600000	-17.817625	34.388386	0.000000	
72.650000	-17.763721	34.365256	0.000000	
72.700000	-17.709816	34.342126	0.000000	
72.750000	-17.655911	34.318994	0.000000	
72.800000	-17.602005	34.295862	0.000000	
72.850000	-17.548098	34.272730	0.000000	
72.900000	-17.494191	34.249596	0.000000	
72.950000	-17.440283	34.226461	0.000000	
73.000000	-17.386375	34.203326	0.000000	
73.050000	-17.332466	34.180190	0.000000	
73.100000	-17.278556	34.157053	0.000000	
73.150000	-17.224646	34.133915	0.000000	
73.200000	-17.170735	34.110776	0.000000	
73.250000	-17.116823	34.087636	0.000000	
73.300000	-17.062910	34.064496	0.000000	
73.350000	-17.008997	34.041354	0.000000	
73.400000	-16.955083	34.018212	0.000000	
73.450000	-16.901168	33.995069	0.000000	
73.500000	-16.847253	33.971925	0.000000	
73.550000	-16.793337	33.948780	0.000000	
73.600000	-16.739421	33.925634	0.000000	
73.650000	-16.685503	33.902487	0.000000	
73.700000	-16.631585	33.879340	0.000000	
73.750000	-16.577666	33.856191	0.000000	
73.800000	-16.523747	33.833041	0.000000	
73.850000	-16.469826	33.809890	0.000000	
73.900000	-16.415905	33.786738	0.000000	
73.950000	-16.361983	33.763586	0.000000	
74.000000	-16.308060	33.740431	0.000000	
74.050000	-16.254136	33.717276	0.000000	
74.100000	-16.200211	33.694119	0.000000	
74.150000	-16.146285	33.670961	0.000000	
74.200000	-16.092358	33.647802	0.000000	
74.250000	-16.038430	33.624642	0.000000	
74.300000	-15.984501	33.601480	0.000000	
74.350000	-15.930571	33.578316	0.000000	
74.400000	-15.876639	33.555151	0.000000	
74.450000	-15.822706	33.531985	0.000000	
74.500000	-15.768772	33.508816	0.000000	
74.550000	-15.714837	33.485646	0.000000	
74.600000	-15.660901	33.462475	0.000000	
74.650000	-15.606963	33.439302	0.000000	
74.700000	-15.553024	33.416127	0.000000	
74.750000	-15.499084	33.392951	0.000000	
74.800000	-15.445142	33.369773	0.000000	
74.850000	-15.391200	33.346593	0.000000	
74.900000	-15.337256	33.323412	0.000000	
74.950000	-15.283310	33.300229	0.000000	
75.000000	-15.229364	33.277044	0.000000	
75.050000	-15.175416	33.253858	0.000000	
75.100000	-15.121467	33.230670	0.000000	
75.150000	-15.067517	33.207481	0.000000	
75.200000	-15.013565	33.184289	0.000000	
75.250000	-14.959612	33.161097	0.000000	
75.300000	-14.905658	33.137902	0.000000	
75.350000	-14.851703	33.114706	0.000000	
75.400000	-14.797746	33.091508	0.000000	
75.450000	-14.743788	33.068309	0.000000	
75.500000	-14.689830	33.045109	0.000000	
75.550000	-14.635870	33.021907	0.000000	
75.600000	-14.581909	32.998704	0.000000	
75.650000	-14.527947	32.975499	0.000000	
75.700000	-14.473984	32.952293	0.000000	
75.750000	-14.420020	32.929085	0.000000	
75.800000	-14.366054	32.905877	0.000000	
75.850000	-14.312088	32.882666	0.000000	
75.900000	-14.258121	32.859455	0.000000	
75.950000	-14.204152	32.836241	0.000000	
76.000000	-14.150183	32.813027	0.000000	
76.050000	-14.096212	32.789811	0.000000	
76.100000	-14.042240	32.766594	0.000000	
76.150000	-13.988268	32.743376	0.000000	
76.200000	-13.934295	32.720157	0.000000	
76.250000	-13.880321	32.696936	0.000000	
76.300000	-13.826346	32.673715	0.000000	
76.350000	-13.772371	32.650493	0.000000	
76.400000	-13.718394	32.627270	0.000000	
76.450000	-13.664417	32.604045	0.000000	
76.500000	-13.610439	32.580820	0.000000	
76.550000	-13.556460	32.557593	0.000000	
76.600000	-13.502480	32.534366	0.000000	
76.650000	-13.448500	32.511138	0.000000	
76.700000	-13.394519	32.487909	0.000000	
76.750000	-13.340538	32.464679	0.000000	
76.800000	-13.286556	32.441449	0.000000	
76.850000	-13.232573	32.418217	0.000000	
76.900000	-13.178590	32.394985	0.000000	
76.950000	-13.124606	32.371752	0.000000	
77.000000	-13.061606	32.376292	0.000000	
77.050000	-12.995073	32.391713	0.000000	
77.100000	-12.928540	32.407133	0.000000	
77.150000	-12.862006	32.422553	0.000000	
77.200000	-12.795471	32.437972	0.000000	
77.250000	-12.728936	32.453390	0.000000	
77.300000	-12.662400	32.468808	0.000000	
77.350000	-12.595864	32.484225	0.000000	
77.400000	-12.529328	32.499642	0.000000	
77.450000	-12.462791	32.515058	0.000000	
77.500000	-12.396253	32.530473	0.000000	
77.550000	-12.329716	32.545888	0.000000	
77.600000	-12.263177	32.561302	0.000000	
77.650000	-12.196639	32.576716	0.000000	
77.700000	-12.130100	32.592129	0.000000	
77.750000	-12.063561	32.607543	0.000000	
77.800000	-11.997022	32.622956	0.000000	
77.850000	-11.930483	32.638369	0.000000	
77.900000	-11.863943	32.653781	0.000000	
77.950000	-11.797403	32.669193	0.000000	
78.000000	-11.730863	32.684605	0.000000	
78.050000	-11.664322	32.700016	0.000000	
78.100000	-11.597781	32.715427	0.000000	
78.150000	-11.531239	32.730836	0.000000	
78.200000	-11.464696	32.746245	0.000000	
78.250000	-11.398153	32.761653	0.000000	
78.300000	-11.331609	32.777060	0.000000	
78.350000	-11.265064	32.792466	0.000000	
78.400000	-11.198519	32.807871	0.000000	
78.450000	-11.131973	32.823276	0.000000	
78.500000	-11.065427	32.838680	0.000000	
78.550000	-10.998880	32.854083	0.000000	
78.600000	-10.932333	32.869486	0.000000	
78.650000	-10.865785	32.884888	0.000000	
78.700000	-10.799237	32.900290	0.000000	
78.750000	-10.732688	32.915691	0.000000	
78.800000	-10.666139	32.931091	0.000000	
78.850000	-10.599589	32.946491	0.000000	
78.900000	-10.533039	32.961890	0.000000	
78.950000	-10.466488	32.977288	0.000000	
79.000000	-10.399936	32.992685	0.000000	
79.050000	-10.333383	33.008082	0.000000	
79.100000	-10.266831	33.023477	0.000000	
79.150000	-10.200277	33.038873	0.000000	
79.200000	-10.133724	33.054268	0.000000	
79.250000	-10.067170	33.069662	0.000000	
79.300000	-10.000616	33.085056	0.000000	
79.350000	-9.934061	33.100450	0.000000	
79.400000	-9.867507	33.115843	0.000000	
79.450000	-9.800951	33.131236	0.000000	
79.500000	-9.734396	33.146629	0.000000	
79.550000	-9.667840	33.162021	0.000000	
79.600000	-9.601284	33.177412	0.000000	
79.650000	-9.534727	33.192803	0.000000	
79.700000	-9.468170	33.208194	0.000000	
79.750000	-9.401612	33.223583	0.000000	
79.800000	-9.335054	33.238972	0.000000	
79.850000	-9.268495	33.254360	0.000000	
79.900000	-9.201936	33.269747	0.000000	
79.950000	-9.135376	33.285134	0.000000	
80.000000	-9.068815	33.300520	0.000000	
80.050000	-9.002253	33.315905	0.000000	
80.100000	-8.935692	33.331289	0.000000	
80.150000	-8.869129	33.346673	0.000000	
80.200000	-8.802567	33.362056	0.000000	
80.250000	-8.736004	33.377439	0.000000	
80.300000	-8.669440	33.392822	0.000000	
80.350000	-8.602876	33.408203	0.000000	
80.400000	-8.536312	33.423585	0.000000	
80.450000	-8.469748	33.438966	0.000000	
80.500000	-8.403183	33.454346	0.000000	
80.550000	-8.336617	33.469726	0.000000	
80.600000	-8.270052	33.485106	0.000000	
80.650000	-8.203486	33.500485	0.000000	
80.700000	-8.136920	33.515865	0.000000	
80.750000	-8.070354	33.531243	0.000000	
80.800000	-8.003788	33.546622	0.000000	
80.850000	-7.937221	33.562000	0.000000	
80.900000	-7.870654	33.577378	0.000000	
80.950000	-7.804087	33.592756	0.000000	
81.000000	-7.737520	33.608133	0.000000	
81.050000	-7.670952	33.623510	0.000000	
81.100000	-7.604384	33.638886	0.000000	
81.150000	-7.537816	33.654262	0.000000	
81.200000	-7.471247	33.669638	0.000000	
81.250000	-7.404678	33.685013	0.000000	
81.300000	-7.338109	33.700388	0.000000	
81.350000	-7.271539	33.715762	0.000000	
81.400000	-7.204969	33.731136	0.000000	
81.450000	-7.138399	33.746510	0.000000	
81.500000	-7.071830	33.761884	0.000000	
81.550000	-7.005260	33.777258	0.000000	
81.600000	-6.938690	33.792632	0.000000	
81.650000	-6.872120	33.808006	0.000000	
81.700000	-6.805550	33.823380	0.000000	
81.750000	-6.738980	33.838753	0.000000	
81.800000	-6.672409	33.854127	0.000000	
81.850000	-6.605838	33.869499	0.000000	
81.900000	-6.539267	33.884872	0.000000	
81.950000	-6.472696	33.900244	0.000000	
82.000000	-6.406125	33.915616	0.000000	
82.050000	-6.339553	33.930988	0.000000	
82.100000	-6.272982	33.946360	0.000000	
82.150000	-6.206410	33.961732	0.000000	
82.200000	-6.139838	33.977104	0.000000	
82.250000	-6.073267	33.992475	0.000000	
82.300000	-6.006695	34.007847	0.000000	
82.350000	-5.940123	34.023219	0.000000	
82.400000	-5.873552	34.038591	0.000000	
82.450000	-5.806981	34.053963	0.000000	
82.500000	-5.740409	34.069335	0.000000	
82.550000	-5.673838	34.084707	0.000000	
82.600000	-5.607266	34.100078	0.000000	
82.650000	-5.540694	34.115450	0.000000	
82.700000	-5.474123	34.130822	0.000000	
82.750000	-5.407551	34.146193	0.000000	
82.800000	-5.340979	34.161565	0.000000	
82.850000	-5.274407	34.176936	0.000000	
82.900000	-5.207835	34.192308	0.000000	
82.950000	-5.141263	34.207678	0.000000	
83.000000	-5.074691	34.223049	0.000000	
83.050000	-5.008118	34.238419	0.000000	
83.100000	-4.941545	34.253790	0.000000	
83.150000	-4.874972	34.269159	0.000000	
83.200000	-4.808398	34.284529	0.000000	
83.250000	-4.741825	34.299897	0.000000	
83.300000	-4.675250	34.315266	0.000000	
83.350000	-4.608676	34.330634	0.000000	
83.400000	-4.542101	34.346002	0.000000	
83.450000	-4.475526	34.361369	0.000000	
83.500000	-4.408951	34.376736	0.000000	
83.550000	-4.342375	34.392103	0.000000	
83.600000	-4.275799	34.407469	0.000000	
83.650000	-4.209223	34.422834	0.000000	
83.700000	-4.142646	34.438200	0.000000	
83.750000	-4.076069	34.453565	0.000000	
83.800000	-4.009492	34.468930	0.000000	
83.850000	-3.942915	34.484294	0.000000	
83.900000	-3.876337	34.499658	0.000000	
83.950000	-3.809759	34.515021	0.000000	
84.000000	-3.743180	34.530383	0.000000	
84.050000	-3.676600	34.545745	0.000000	
84.100000	-3.610021	34.561106	0.000000	
84.150000	-3.543441	34.576467	0.000000	
84.200000	-3.476861	34.591828	0.000000	
84.250000	-3.410280	34.607188	0.000000	
84.300000	-3.343699	34.622548	0.000000	
84.350000	-3.277118	34.637908	0.000000	
84.400000	-3.210537	34.653267	0.000000	
84.450000	-3.143955	34.668625	0.000000	
84.500000	-3.077372	34.683982	0.000000	
84.550000	-3.010788	34.699339	0.000000	
84.600000	-2.944204	34.714694	0.000000	
84.650000	-2.877620	34.730049	0.000000	
84.700000	-2.811034	34.745403	0.000000	
84.750000	-2.744448	34.760756	0.000000	
84.800000	-2.677862	34.776108	0.000000	
84.850000	-2.611274	34.791460	0.000000	
84.900000	-2.544686	34.806810	0.000000	
84.950000	-2.478097	34.822160	0.000000	
85.000000	-2.411508	34.837508	0.000000	
85.050000	-2.344918	34.852856	0.000000	
85.100000	-2.278327	34.868203	0.000000	
85.150000	-2.211736	34.883550	0.000000	
85.200000	-2.145144	34.898895	0.000000	
85.250000	-2.078552	34.914241	0.000000	
85.300000	-2.011960	34.929586	0.000000	
85.350000	-1.945367	34.944930	0.000000	
85.400000	-1.878774	34.960273	0.000000	
85.450000	-1.812180	34.975616	0.000000	
85.500000	-1.745586	34.990959	0.000000	
85.550000	-1.678991	35.006301	0.000000	
85.600000	-1.612396	35.021642	0.000000	
85.650000	-1.545800	35.036982	0.000000	
85.700000	-1.479204	35.052322	0.000000	
85.750000	-1.412607	35.067661	0.000000	
85.800000	-1.346010	35.082999	0.000000	
85.850000	-1.279412	35.098336	0.000000	
85.900000	-1.212814	35.113673	0.000000	
85.950000	-1.146215	35.129010	0.000000	
86.000000	-1.079616	35.144346	0.000000	
86.050000	-1.013016	35.159681	0.000000	
86.100000	-0.946415	35.175015	0.000000	
86.150000	-0.879814	35.190348	0.000000	
86.200000	-0.813212	35.205680	0.000000	
86.250000	-0.746609	35.221012	0.000000	
86.300000	-0.680006	35.236342	0.000000	
86.350000	-0.613402	35.251672	0.000000	
86.400000	-0.546797	35.267000	0.000000	
86.450000	-0.480191	35.282327	0.000000	
86.500000	-0.413584	35.297654	0.000000	
86.550000	-0.346977	35.312979	0.000000	
86.600000	-0.280369	35.328303	0.000000	
86.650000	-0.213760	35.343626	0.000000	
86.700000	-0.147150	35.358948	0.000000	
86.750000	-0.080539	35.374268	0.000000	
86.800000	-0.013927	35.389588	0.000000	
86.850000	0.052686	35.404906	0.000000	
86.900000	0.119299	35.420224	0.000000	
86.950000	0.185914	35.435540	0.000000	
87.000000	0.252529	35.450855	0.000000	
87.050000	0.319145	35.466169	0.000000	
87.100000	0.385762	35.481481	0.000000	
87.150000	0.452380	35.496793	0.000000	
87.200000	0.518999	35.512103	0.000000	
87.250000	0.585618	35.527412	0.000000	
87.300000	0.652239	35.542720	0.000000	
87.350000	0.718861	35.558027	0.000000	
87.400000	0.785483	35.573333	0.000000	
87.450000	0.852106	35.588637	0.000000	
87.500000	0.918731	35.603940	0.000000	
87.550000	0.985356	35.619242	0.000000	
87.600000	1.051983	35.634542	0.000000	
87.650000	1.118610	35.649841	0.000000	
87.700000	1.185239	35.665139	0.000000	
87.750000	1.251868	35.680435	0.000000	
87.800000	1.318498	35.695731	0.000000	
87.850000	1.385129	35.711025	0.000000	
87.900000	1.451761	35.726319	0.000000	
87.950000	1.518393	35.741611	0.000000	
88.000000	1.585026	35.756902	0.000000	
88.050000	1.651660	35.772192	0.000000	
88.100000	1.718296	35.787481	0.000000	
88.150000	1.784932	35.802769	0.000000	
88.200000	1.851568	35.818056	0.000000	
88.250000	1.918206	35.833342	0.000000	
88.300000	1.984844	35.848626	0.000000	
88.350000	2.051483	35.863909	0.000000	
88.400000	2.118123	35.879192	0.000000	
88.450000	2.184764	35.894473	0.000000	
88.500000	2.251406	35.909753	0.000000	
88.550000	2.318048	35.925032	0.000000	
88.600000	2.384692	35.940310	0.000000	
88.650000	2.451335	35.955587	0.000000	
88.700000	2.517980	35.970864	0.000000	
88.750000	2.584625	35.986140	0.000000	
88.800000	2.651270	36.001415	0.000000	
88.850000	2.717916	36.016689	0.000000	
88.900000	2.784563	36.031962	0.000000	
88.950000	2.851210	36.047234	0.000000	
89.000000	2.917858	36.062506	0.000000	
89.050000	2.984507	36.077776	0.000000	
89.100000	3.051156	36.093046	0.000000	
89.150000	3.117806	36.108315	0.000000	
89.200000	3.184457	36.123583	0.000000	
89.250000	3.251108	36.138851	0.000000	
89.300000	3.317760	36.154117	0.000000	
89.350000	3.384412	36.169383	0.000000	
89.400000	3.451065	36.184648	0.000000	
89.450000	3.517718	36.199912	0.000000	
89.500000	3.584372	36.215175	0.000000	
89.550000	3.651027	36.230438	0.000000	
89.600000	3.717682	36.245700	0.000000	
89.650000	3.784338	36.260961	0.000000	
89.700000	3.850994	36.276221	0.000000	
89.750000	3.917651	36.291481	0.000000	
89.800000	3.984308	36.306740	0.000000	
89.850000	4.050966	36.321999	0.000000	
89.900000	4.117624	36.337257	0.000000	
89.950000	4.184282	36.352514	0.000000	
90.000000	4.250941	36.367771	0.000000	
90.050000	4.317600	36.383028	0.000000	
90.100000	4.384260	36.398283	0.000000	
90.150000	4.450920	36.413538	0.000000	
90.200000	4.517580	36.428793	0.000000	
90.250000	4.584241	36.444047	0.000000	
90.300000	4.650903	36.459300	0.000000	
90.350000	4.717565	36.474552	0.000000	
90.400000	4.784227	36.489804	0.000000	
90.450000	4.850890	36.505056	0.000000	
90.500000	4.917553	36.520307	0.000000	
90.550000	4.984217	36.535557	0.000000	
90.600000	5.050881	36.550807	0.000000	
90.650000	5.117545	36.566056	0.000000	
90.700000	5.184210	36.581305	0.000000	
90.750000	5.250875	36.596553	0.000000	
90.800000	5.317541	36.611800	0.000000	
90.850000	5.384207	36.627047	0.000000	
90.900000	5.450874	36.642293	0.000000	
90.950000	5.517541	36.657539	0.000000	
91.000000	5.584209	36.672784	0.000000	
91.050000	5.650877	36.688028	0.000000	
91.100000	5.717545	36.703271	0.000000	
91.150000	5.784215	36.718514	0.000000	
91.200000	5.850885	36.733755	0.000000	
91.250000	5.917556	36.748996	0.000000	
91.300000	5.984227	36.764236	0.000000	
91.350000	6.050899	36.779475	0.000000	
91.400000	6.117572	36.794713	0.000000	
91.450000	6.184245	36.809950	0.000000	
91.500000	6.250919	36.825186	0.000000	
91.550000	6.317594	36.840422	0.000000	
91.600000	6.384269	36.855657	0.000000	
91.650000	6.450944	36.870891	0.000000	
91.700000	6.517621	36.886124	0.000000	
91.750000	6.584297	36.901357	0.000000	
91.800000	6.650974	36.916589	0.000000	
91.850000	6.717652	36.931821	0.000000	
91.900000	6.784330	36.947052	0.000000	
91.950000	6.851009	36.962282	0.000000	
92.000000	6.917688	36.977511	0.000000	
92.050000	6.984369	36.992739	0.000000	
92.100000	7.051050	37.007966	0.000000	
92.150000	7.117732	37.023192	0.000000	
92.200000	7.184414	37.038416	0.000000	
92.250000	7.251098	37.053640	0.000000	
92.300000	7.317782	37.068863	0.000000	
92.350000	7.384467	37.084084	0.000000	
92.400000	7.451154	37.099304	0.000000	
92.450000	7.517841	37.114522	0.000000	
92.500000	7.584530	37.129739	0.000000	
92.550000	7.651219	37.144955	0.000000	
92.600000	7.717910	37.160169	0.000000	
92.650000	7.784602	37.175382	0.000000	
92.700000	7.851295	37.190593	0.000000	
92.750000	7.917989	37.205802	0.000000	
92.800000	7.984685	37.221009	0.000000	
92.850000	8.051382	37.236215	0.000000	
92.900000	8.118081	37.251418	0.000000	
92.950000	8.184780	37.266620	0.000000	
93.000000	8.251481	37.281820	0.000000	
93.050000	8.318184	37.297019	0.000000	
93.100000	8.384888	37.312215	0.000000	
93.150000	8.451593	37.327410	0.000000	
93.200000	8.518299	37.342603	0.000000	
93.250000	8.585007	37.357794	0.000000	
93.300000	8.651717	37.372984	0.000000	
93.350000	8.718427	37.388171	0.000000	
93.400000	8.785139	37.403357	0.000000	
93.450000	8.851852	37.418541	0.000000	
93.500000	8.918567	37.433723	0.000000	
93.550000	8.985283	37.448903	0.000000	
93.600000	9.052001	37.464081	0.000000	
93.650000	9.118720	37.479257	0.000000	
93.700000	9.185440	37.494432	0.000000	
93.750000	9.252162	37.509604	0.000000	
93.800000	9.318885	37.524775	0.000000	
93.850000	9.385609	37.539944	0.000000	
93.900000	9.452335	37.555112	0.000000	
93.950000	9.519062	37.570277	0.000000	
94.000000	9.585790	37.585442	0.000000	
94.050000	9.652519	37.600605	0.000000	
94.100000	9.719248	37.615767	0.000000	
94.150000	9.785979	37.630927	0.000000	
94.200000	9.852711	37.646086	0.000000	
94.250000	9.919444	37.661244	0.000000	
94.300000	9.986178	37.676400	0.000000	
94.350000	10.052914	37.691555	0.000000	
94.400000	10.119650	37.706708	0.000000	
94.450000	10.186387	37.721860	0.000000	
94.500000	10.253126	37.737011	0.000000	
94.550000	10.319865	37.752160	0.000000	
94.600000	10.386605	37.767308	0.000000	
94.650000	10.453346	37.782455	0.000000	
94.700000	10.520088	37.797602	0.000000	
94.750000	10.586831	37.812747	0.000000	
94.800000	10.653574	37.827890	0.000000	
94.850000	10.720319	37.843033	0.000000	
94.900000	10.787064	37.858175	0.000000	
94.950000	10.853810	37.873316	0.000000	
95.000000	10.920557	37.888455	0.000000	
95.050000	10.987304	37.903594	0.000000	
95.100000	11.054052	37.918731	0.000000	
95.150000	11.120801	37.933868	0.000000	
95.200000	11.187551	37.949003	0.000000	
95.250000	11.254302	37.964138	0.000000	
95.300000	11.321054	37.979271	0.000000	
95.350000	11.387806	37.994403	0.000000	
95.400000	11.454559	38.009535	0.000000	
95.450000	11.521312	38.024665	0.000000	
95.500000	11.588067	38.039795	0.000000	
95.550000	11.654822	38.054923	0.000000	
95.600000	11.721577	38.070051	0.000000	
95.650000	11.788334	38.085177	0.000000	
95.700000	11.855092	38.100303	0.000000	
95.750000	11.921850	38.115427	0.000000	
95.800000	11.988610	38.130550	0.000000	
95.850000	12.055370	38.145672	0.000000	
95.900000	12.122131	38.160792	0.000000	
95.950000	12.188893	38.175912	0.000000	
96.000000	12.255655	38.191030	0.000000	
96.050000	12.307488	38.208774	0.000000	
96.100000	12.274255	38.241482	0.000000	
96.150000	12.241022	38.274189	0.000000	
96.200000	12.207790	38.306896	0.000000	
96.250000	12.174559	38.339601	0.000000	
96.300000	12.141328	38.372306	0.000000	
96.350000	12.108098	38.405009	0.000000	
96.400000	12.074868	38.437712	0.000000	
96.450000	12.041640	38.470413	0.000000	
96.500000	12.008412	38.503114	0.000000	
96.550000	11.975185	38.535813	0.000000	
96.600000	11.941959	38.568512	0.000000	
96.650000	11.908734	38.601209	0.000000	
96.700000	11.875509	38.633905	0.000000	
96.750000	11.842285	38.666601	0.000000	
96.800000	11.809062	38.699295	0.000000	
96.850000	11.775840	38.731988	0.000000	
96.900000	11.742619	38.764680	0.000000	
96.950000	11.709398	38.797371	0.000000	
97.000000	11.676179	38.830060	0.000000	
97.050000	11.642960	38.862748	0.000000	
97.100000	11.609743	38.895435	0.000000	
97.150000	11.576526	38.928120	0.000000	
97.200000	11.543311	38.960805	0.000000	
97.250000	11.510096	38.993488	0.000000	
97.300000	11.476883	39.026169	0.000000	
97.350000	11.443670	39.058849	0.000000	
97.400000	11.410459	39.091528	0.000000	
97.450000	11.377249	39.124205	0.000000	
97.500000	11.344039	39.156881	0.000000	
97.550000	11.310831	39.189556	0.000000	
97.600000	11.277623	39.222230	0.000000	
97.650000	11.244416	39.254903	0.000000	
97.700000	11.211210	39.287574	0.000000	
97.750000	11.178005	39.320245	0.000000	
97.800000	11.144801	39.352914	0.000000	
97.850000	11.111597	39.385582	0.000000	
97.900000	11.078395	39.418250	0.000000	
97.950000	11.045193	39.450916	0.000000	
98.000000	11.011991	39.483581	0.000000	
98.050000	10.978791	39.516246	0.000000	
98.100000	10.945591	39.548910	0.000000	
98.150000	10.912391	39.581572	0.000000	
98.200000	10.879193	39.614234	0.000000	
98.250000	10.845995	39.646895	0.000000	
98.300000	10.812797	39.679555	0.000000	
98.350000	10.779601	39.712215	0.000000	
98.400000	10.746404	39.744873	0.000000	
98.450000	10.713209	39.777531	0.000000	
98.500000	10.680014	39.810188	0.000000	
98.550000	10.646820	39.842844	0.000000	
98.600000	10.613627	39.875498	0.000000	
98.650000	10.580434	39.908152	0.000000	
98.700000	10.547243	39.940805	0.000000	
98.750000	10.514052	39.973456	0.000000	
98.800000	10.480862	40.006106	0.000000	
98.850000	10.447673	40.038755	0.000000	
98.900000	10.414485	40.071403	0.000000	
98.950000	10.381298	40.104050	0.000000	
99.000000	10.348111	40.136696	0.000000	
99.050000	10.314925	40.169341	0.000000	
99.100000	10.281740	40.201985	0.000000	
99.150000	10.248555	40.234628	0.000000	
99.200000	10.215372	40.267270	0.000000	
99.250000	10.182189	40.299911	0.000000	
99.300000	10.149007	40.332551	0.000000	
99.350000	10.115826	40.365189	0.000000	
99.400000	10.082645	40.397827	0.000000	
99.450000	10.049466	40.430463	0.000000	
99.500000	10.016287	40.463099	0.000000	
99.550000	9.983108	40.495733	0.000000	
99.600000	9.949931	40.528368	0.000000	
99.650000	9.916753	40.561001	0.000000	
99.700000	9.883576	40.593634	0.000000	
99.750000	9.850400	40.626266	0.000000	
99.800000	9.817224	40.658898	0.000000	
99.850000	9.784048	40.691530	0.000000	
99.900000	9.750872	40.724161	0.000000	
99.950000	9.717697	40.756791	0.000000	
100.000000	9.684522	40.789422	0.000000	
100.050000	9.651347	40.822052	0.000000	
100.100000	9.618173	40.854681	0.000000	
100.150000	9.584999	40.887310	0.000000	
100.200000	9.551824	40.919939	0.000000	
100.250000	9.518651	40.952568	0.000000	
100.300000	9.485477	40.985196	0.000000	
100.350000	9.452304	41.017824	0.000000	
100.400000	9.419131	41.050452	0.000000	
100.450000	9.385958	41.083080	0.000000	
100.500000	9.352785	41.115707	0.000000	
100.550000	9.319612	41.148334	0.000000	
100.600000	9.286440	41.180962	0.000000	
100.650000	9.253267	41.213589	0.000000	
100.700000	9.220094	41.246217	0.000000	
100.750000	9.186921	41.278844	0.000000	
100.800000	9.153748	41.311472	0.000000	
100.850000	9.120574	41.344100	0.000000	
100.900000	9.087401	41.376728	0.000000	
100.950000	9.054228	41.409356	0.000000	
101.000000	9.021054	41.441984	0.000000	
101.050000	8.987881	41.474613	0.000000	
101.100000	8.954707	41.507242	0.000000	
101.150000	8.921533	41.539871	0.000000	
101.200000	8.888359	41.572500	0.000000	
101.250000	8.855184	41.605129	0.000000	
101.300000	8.822009	41.637759	0.000000	
101.350000	8.788835	41.670389	0.000000	
101.400000	8.755660	41.703019	0.000000	
101.450000	8.722485	41.735649	0.000000	
101.500000	8.689310	41.768280	0.000000	
101.550000	8.656134	41.800911	0.000000	
101.600000	8.622959	41.833541	0.000000	
101.650000	8.589783	41.866172	0.000000	
101.700000	8.556608	41.898804	0.000000	
101.750000	8.523432	41.931435	0.000000	
101.800000	8.490256	41.964067	0.000000	
101.850000	8.457079	41.996699	0.000000	
101.900000	8.423902	42.029332	0.000000	
101.950000	8.390725	42.061965	0.000000	
102.000000	8.357547	42.094599	0.000000	
102.050000	8.324370	42.127233	0.000000	
102.100000	8.291192	42.159867	0.000000	
102.150000	8.258013	42.192502	0.000000	
102.200000	8.224834	42.225137	0.000000	
102.250000	8.191655	42.257774	0.000000	
102.300000	8.158475	42.290410	0.000000	
102.350000	8.125294	42.323048	0.000000	
102.400000	8.092114	42.355686	0.000000	
102.450000	8.058932	42.388324	0.000000	
102.500000	8.025751	42.420963	0.000000	
102.550000	7.992569	42.453603	0.000000	
102.600000	7.959386	42.486243	0.000000	
102.650000	7.926203	42.518885	0.000000	
102.700000	7.893019	42.551527	0.000000	
102.750000	7.859834	42.584170	0.000000	
102.800000	7.826649	42.616813	0.000000	
102.850000	7.793464	42.649458	0.000000	
102.900000	7.760278	42.682102	0.000000	
102.950000	7.727091	42.714748	0.000000	
103.000000	7.693904	42.747394	0.000000	
103.050000	7.676952	42.727029	0.000000	
103.100000	7.664245	42.692799	0.000000	
103.150000	7.651538	42.658569	0.000000	
103.200000	7.638830	42.624341	0.000000	
103.250000	7.626121	42.590114	0.000000	
103.300000	7.613411	42.555887	0.000000	
103.350000	7.600700	42.521663	0.000000	
103.400000	7.587989	42.487439	0.000000	
103.450000	7.575276	42.453217	0.000000	
103.500000	7.562562	42.418997	0.000000	
103.550000	7.549846	42.384778	0.000000	
103.600000	7.537130	42.350560	0.000000	
103.650000	7.524412	42.316345	0.000000	
103.700000	7.511693	42.282131	0.000000	
103.750000	7.498973	42.247918	0.000000	
103.800000	7.486252	42.213707	0.000000	
103.850000	7.473530	42.179497	0.000000	
103.900000	7.460807	42.145289	0.000000	
103.950000	7.448082	42.111083	0.000000	
104.000000	7.435356	42.076878	0.000000	
104.050000	7.422628	42.042676	0.000000	
104.100000	7.409900	42.008474	0.000000	
104.150000	7.397170	41.974275	0.000000	
104.200000	7.384439	41.940077	0.000000	
104.250000	7.371706	41.905881	0.000000	
104.300000	7.358972	41.871687	0.000000	
104.350000	7.346237	41.837495	0.000000	
104.400000	7.333500	41.803304	0.000000	
104.450000	7.320762	41.769116	0.000000	
104.500000	7.308023	41.734929	0.000000	
104.550000	7.295282	41.700744	0.000000	
104.600000	7.282539	41.666562	0.000000	
104.650000	7.269795	41.632381	0.000000	
104.700000	7.257049	41.598203	0.000000	
104.750000	7.244301	41.564027	0.000000	
104.800000	7.231552	41.529853	0.000000	
104.850000	7.218801	41.495682	0.000000	
104.900000	7.206048	41.461512	0.000000	
104.950000	7.193294	41.427345	0.000000	
105.000000	7.180538	41.393180	0.000000	
105.050000	7.167781	41.359017	0.000000	
105.100000	7.155021	41.324856	0.000000	
105.150000	7.142261	41.290698	0.000000	
105.200000	7.129498	41.256541	0.000000	
105.250000	7.116734	41.222387	0.000000	
105.300000	7.103968	41.188235	0.000000	
105.350000	7.091201	41.154085	0.000000	
105.400000	7.078432	41.119937	0.000000	
105.450000	7.065662	41.085791	0.000000	
105.500000	7.052890	41.051647	0.000000	
105.550000	7.040117	41.017505	0.000000	
105.600000	7.027343	40.983364	0.000000	
105.650000	7.014567	40.949225	0.000000	
105.700000	7.001790	40.915088	0.000000	
105.750000	6.989011	40.880952	0.000000	
105.800000	6.976232	40.846819	0.000000	
105.850000	6.963451	40.812687	0.000000	
105.900000	6.950669	40.778556	0.000000	
105.950000	6.937885	40.744428	0.000000	
106.000000	6.925100	40.710301	0.000000	
106.050000	6.912314	40.676176	0.000000	
106.100000	6.899526	40.642054	0.000000	
106.150000	6.886736	40.607933	0.000000	
106.200000	6.873945	40.573814	0.000000	
106.250000	6.861152	40.539698	0.000000	
106.300000	6.848358	40.505584	0.000000	
106.350000	6.835562	40.471472	0.000000	
106.400000	6.822764	40.437361	0.000000	
106.450000	6.809965	40.403253	0.000000	
106.500000	6.797165	40.369147	0.000000	
106.550000	6.784363	40.335043	0.000000	
106.600000	6.771559	40.300941	0.000000	
106.650000	6.758754	40.266840	0.000000	
106.700000	6.745948	40.232741	0.000000	
106.750000	6.733141	40.198643	0.000000	
106.800000	6.720332	40.164548	0.000000	
106.850000	6.707522	40.130454	0.000000	
106.900000	6.694711	40.096361	0.000000	
106.950000	6.681898	40.062271	0.000000	
107.000000	6.669085	40.028182	0.000000	
107.050000	6.656270	39.994094	0.000000	
107.100000	6.643453	39.960009	0.000000	
107.150000	6.630635	39.925925	0.000000	
107.200000	6.617816	39.891842	0.000000	
107.250000	6.604996	39.857762	0.000000	
107.300000	6.592174	39.823684	0.000000	
107.350000	6.579350	39.789608	0.000000	
107.400000	6.566525	39.755533	0.000000	
107.450000	6.553698	39.721462	0.000000	
107.500000	6.540870	39.687392	0.000000	
107.550000	6.528039	39.653325	0.000000	
107.600000	6.515207	39.619260	0.000000	
107.650000	6.502372	39.585198	0.000000	
107.700000	6.489536	39.551138	0.000000	
107.750000	6.476698	39.517081	0.000000	
107.800000	6.463858	39.483027	0.000000	
107.850000	6.451015	39.448975	0.000000	
107.900000	6.438171	39.414926	0.000000	
107.950000	6.425324	39.380880	0.000000	
108.000000	6.412476	39.346836	0.000000	
108.050000	6.399625	39.312795	0.000000	
108.100000	6.386773	39.278756	0.000000	
108.150000	6.373919	39.244720	0.000000	
108.200000	6.361063	39.210686	0.000000	
108.250000	6.348205	39.176655	0.000000	
108.300000	6.335345	39.142627	0.000000	
108.350000	6.322482	39.108601	0.000000	
108.400000	6.309618	39.074579	0.000000	
108.450000	6.296751	39.040560	0.000000	
108.500000	6.283882	39.006543	0.000000	
108.550000	6.271010	38.972529	0.000000	
108.600000	6.258136	38.938519	0.000000	
108.650000	6.245260	38.904511	0.000000	
108.700000	6.232382	38.870507	0.000000	
108.750000	6.219502	38.836505	0.000000	
108.800000	6.206619	38.802506	0.000000	
108.850000	6.193734	38.768510	0.000000	
108.900000	6.180847	38.734516	0.000000	
108.950000	6.167958	38.700525	0.000000	
109.000000	6.155068	38.666537	0.000000	
109.050000	6.142175	38.632551	0.000000	
109.100000	6.129281	38.598567	0.000000	
109.150000	6.116384	38.564586	0.000000	
109.200000	6.103486	38.530607	0.000000	
109.250000	6.090586	38.496631	0.000000	
109.300000	6.077684	38.462657	0.000000	
109.350000	6.064781	38.428685	0.000000	
109.400000	6.051875	38.394716	0.000000	
109.450000	6.038968	38.360749	0.000000	
109.500000	6.026059	38.326784	0.000000	
109.550000	6.013148	38.292822	0.000000	
109.600000	6.000235	38.258861	0.000000	
109.650000	5.987321	38.224903	0.000000	
109.700000	5.974406	38.190946	0.000000	
109.750000	5.961489	38.156992	0.000000	
109.800000	5.948570	38.123039	0.000000	
109.850000	5.935650	38.089089	0.000000	
109.900000	5.922728	38.055141	0.000000	
109.950000	5.909804	38.021195	0.000000	
110.000000	5.896879	37.987251	0.000000	
110.050000	5.883952	37.953309	0.000000	
110.100000	5.872253	37.920006	0.000000	
110.150000	5.938897	37.927352	0.000000	
110.200000	6.005540	37.934699	0.000000	
110.250000	6.072181	37.942048	0.000000	
110.300000	6.138820	37.949400	0.000000	
110.350000	6.205458	37.956753	0.000000	
110.400000	6.272094	37.964108	0.000000	
110.450000	6.338729	37.971466	0.000000	
110.500000	6.405362	37.978825	0.000000	
110.550000	6.471993	37.986187	0.000000	
110.600000	6.538623	37.993550	0.000000	
110.650000	6.605251	38.000916	0.000000	
110.700000	6.671877	38.008284	0.000000	
110.750000	6.738502	38.015655	0.000000	
110.800000	6.805125	38.023027	0.000000	
110.850000	6.871746	38.030402	0.000000	
110.900000	6.938365	38.037779	0.000000	
110.950000	7.004983	38.045158	0.000000	
111.000000	7.071599	38.052540	0.000000	
111.050000	7.138212	38.059924	0.000000	
111.100000	7.204824	38.067311	0.000000	
111.150000	7.271435	38.074700	0.000000	
111.200000	7.338043	38.082092	0.000000	
111.250000	7.404650	38.089486	0.000000	
111.300000	7.471254	38.096882	0.000000	
111.350000	7.537857	38.104280	0.000000	
111.400000	7.604458	38.111681	0.000000	
111.450000	7.671058	38.119084	0.000000	
111.500000	7.737655	38.126489	0.000000	
111.550000	7.804251	38.133897	0.000000	
111.600000	7.870846	38.141307	0.000000	
111.650000	7.937438	38.148719	0.000000	
111.700000	8.004029	38.156133	0.000000	
111.750000	8.070618	38.163549	0.000000	
111.800000	8.137206	38.170968	0.000000	
111.850000	8.203792	38.178389	0.000000	
111.900000	8.270376	38.185811	0.000000	
111.950000	8.336958	38.193237	0.000000	
112.000000	8.403539	38.200665	0.000000	
112.050000	8.470117	38.208095	0.000000	
112.100000	8.536694	38.215527	0.000000	
112.150000	8.603269	38.222962	0.000000	
112.200000	8.669842	38.230399	0.000000	
112.250000	8.736414	38.237838	0.000000	
112.300000	8.802984	38.245280	0.000000	
112.350000	8.869552	38.252723	0.000000	
112.400000	8.936119	38.260169	0.000000	
112.450000	9.002683	38.267617	0.000000	
112.500000	9.062206	38.269463	0.000000	
112.550000	9.121727	38.271310	0.000000	
112.600000	9.181248	38.273157	0.000000	
112.650000	9.240768	38.275005	0.000000	
112.700000	9.300288	38.276854	0.000000	
112.750000	9.359807	38.278704	0.000000	
112.800000	9.419325	38.280554	0.000000	
112.850000	9.478843	38.282406	0.000000	
112.900000	9.538361	38.284258	0.000000	
112.950000	9.597877	38.286111	0.000000	
113.000000	9.657393	38.287965	0.000000	
113.050000	9.716908	38.289819	0.000000	
113.100000	9.776423	38.291675	0.000000	
113.150000	9.835937	38.293531	0.000000	
113.200000	9.895450	38.295389	0.000000	
113.250000	9.954963	38.297247	0.000000	
113.300000	10.014475	38.299106	0.000000	
113.350000	10.073986	38.300966	0.000000	
113.400000	10.133497	38.302827	0.000000	
113.450000	10.193007	38.304688	0.000000	
113.500000	10.252516	38.306550	0.000000	
113.550000	10.312025	38.308413	0.000000	
113.600000	10.371533	38.310277	0.000000	
113.650000	10.431041	38.312142	0.000000	
113.700000	10.490547	38.314008	0.000000	
113.750000	10.550053	38.315875	0.000000	
113.800000	10.609558	38.317744	0.000000	
113.850000	10.669062	38.319614	0.000000	
113.900000	10.728564	38.321485	0.000000	
113.950000	10.788066	38.323357	0.000000	
114.000000	10.847567	38.325231	0.000000	
114.050000	10.907066	38.327106	0.000000	
114.100000	10.966565	38.328982	0.000000	
114.150000	11.026063	38.330860	0.000000	
114.200000	11.085560	38.332739	0.000000	
114.250000	11.145055	38.334619	0.000000	
114.300000	11.204550	38.336501	0.000000	
114.350000	11.264043	38.338385	0.000000	
114.400000	11.323535	38.340270	0.000000	
114.450000	11.383026	38.342157	0.000000	
114.500000	11.442515	38.344046	0.000000	
114.550000	11.502004	38.345936	0.000000	
114.600000	11.561491	38.347827	0.000000	
114.650000	11.599027	38.348306	0.000000	
114.700000	11.554660	38.343510	0.000000	
114.750000	11.510292	38.338715	0.000000	
114.800000	11.465922	38.333921	0.000000	
114.850000	11.421552	38.329129	0.000000	
114.900000	11.377180	38.324339	0.000000	
114.950000	11.332807	38.319550	0.000000	
115.000000	11.288433	38.314762	0.000000	
115.050000	11.244058	38.309976	0.000000	
115.100000	11.199682	38.305191	0.000000	
115.150000	11.155305	38.300408	0.000000	
115.200000	11.110926	38.295626	0.000000	
115.250000	11.066547	38.290845	0.000000	
115.300000	11.022167	38.286066	0.000000	
115.350000	10.977785	38.281288	0.000000	
115.400000	10.933403	38.276511	0.000000	
115.450000	10.889019	38.271736	0.000000	
115.500000	10.844635	38.266962	0.000000	
115.550000	10.800249	38.262190	0.000000	
115.600000	10.755863	38.257418	0.000000	
115.650000	10.711476	38.252648	0.000000	
115.700000	10.667088	38.247879	0.000000	
115.750000	10.622699	38.243110	0.000000	
115.800000	10.578309	38.238343	0.000000	
115.850000	10.533919	38.233577	0.000000	
115.900000	10.489528	38.228812	0.000000	
115.950000	10.445136	38.224047	0.000000	
116.000000	10.400743	38.219284	0.000000	
116.050000	10.356350	38.214522	0.000000	
116.100000	10.311956	38.209760	0.000000	
116.150000	10.267561	38.204999	0.000000	
116.200000	10.223166	38.200238	0.000000	
116.250000	10.178771	38.195479	0.000000	
116.300000	10.134374	38.190720	0.000000	
116.350000	10.089977	38.185962	0.000000	
116.400000	10.045580	38.181205	0.000000	
116.450000	10.001181	38.176449	0.000000	
116.500000	9.956782	38.171694	0.000000	
116.550000	9.912382	38.166941	0.000000	
116.600000	9.867981	38.162188	0.000000	
116.650000	9.823579	38.157436	0.000000	
116.700000	9.779177	38.152686	0.000000	
116.750000	9.734773	38.147936	0.000000	
116.800000	9.690369	38.143188	0.000000	
116.850000	9.645964	38.138441	0.000000	
116.900000	9.601558	38.133694	0.000000	
116.950000	9.557151	38.128948	0.000000	
117.000000	9.512744	38.124204	0.000000	
117.050000	9.468336	38.119460	0.000000	
117.100000	9.423927	38.114718	0.000000	
117.150000	9.379517	38.109977	0.000000	
117.200000	9.335106	38.105237	0.000000	
117.250000	9.290694	38.100498	0.000000	
117.300000	9.246282	38.095760	0.000000	
117.350000	9.201869	38.091023	0.000000	
117.400000	9.157454	38.086288	0.000000	
117.450000	9.113039	38.081553	0.000000	
117.500000	9.068622	38.076821	0.000000	
117.550000	9.024205	38.072089	0.000000	
117.600000	8.979786	38.067359	0.000000	
117.650000	8.935366	38.062630	0.000000	
117.700000	8.890946	38.057903	0.000000	
117.750000	8.846524	38.053177	0.000000	
117.800000	8.802101	38.048452	0.000000	
117.850000	8.757677	38.043729	0.000000	
117.900000	8.713252	38.039007	0.000000	
117.950000	8.668825	38.034287	0.000000	
118.000000	8.624398	38.029568	0.000000	
118.050000	8.579969	38.024851	0.000000	
118.100000	8.535539	38.020136	0.000000	
118.150000	8.491108	38.015422	0.000000	
118.200000	8.446676	38.010709	0.000000	
118.250000	8.402243	38.005997	0.000000	
118.300000	8.357809	38.001287	0.000000	
118.350000	8.313374	37.996578	0.000000	
118.400000	8.268938	37.991870	0.000000	
118.450000	8.224502	37.987162	0.000000	
118.500000	8.180065	37.982456	0.000000	
118.550000	8.135627	37.977751	0.000000	
118.600000	8.091188	37.973046	0.000000	
118.650000	8.046749	37.968342	0.000000	
118.700000	8.002309	37.963639	0.000000	
118.750000	7.957868	37.958937	0.000000	
118.800000	7.913427	37.954236	0.000000	
118.850000	7.868986	37.949535	0.000000	
118.900000	7.824543	37.944836	0.000000	
118.950000	7.780099	37.940137	0.000000	
119.000000	7.735655	37.935439	0.000000	
119.050000	7.691211	37.930742	0.000000	
119.100000	7.646766	37.926046	0.000000	
119.150000	7.602320	37.921351	0.000000	
119.200000	7.557873	37.916657	0.000000	
119.250000	7.513425	37.911963	0.000000	
119.300000	7.468977	37.907271	0.000000	
119.350000	7.424528	37.902579	0.000000	
119.400000	7.380079	37.897889	0.000000	
119.450000	7.335628	37.893199	0.000000	
119.500000	7.291177	37.888510	0.000000	
119.550000	7.246725	37.883822	0.000000	
119.600000	7.202273	37.879135	0.000000	
119.650000	7.157821	37.874448	0.000000	
119.700000	7.113368	37.869761	0.000000	
119.750000	7.068915	37.865074	0.000000	
119.800000	7.024462	37.860388	0.000000	
119.850000	6.980009	37.855702	0.000000	
119.900000	6.935555	37.851016	0.000000	
119.950000	6.891101	37.846331	0.000000	
